O/G,n_VENT,TB_SMALL_VENT,TB_SMALL_FLARE
Gas,77,0.158334816,
Oil,36,3.178082192,
Gas,352,0.077521793,
Gas,31,0.476358816,
Gas,19,1.447728911,
Gas,32,0.035958904,
Oil,2,0.575342466,
Gas,2,20.12328767,
Oil,163,0.048743592,
Oil,36,0.595890411,
Gas,78,0.025992273,
Gas,6,0.109589041,
Oil,3,0.146118721,
Oil,2,6,
Gas,16,0.058219178,
Gas,1,0.219178082,
Oil,1,2.082191781,
Gas,3,1.305936073,
Gas,5,0.37260274,
Gas,2,0.219178082,
Oil,2,0.465753425,
Oil,1,0.219178082,
Gas,1,0.662794521,
Oil,4,2.777424658,
Gas,12,24.37961644,
Gas,332,0.001996369,
Oil,5,0.185161644,
Gas,2,0.441863014,
Oil,5,0.740646575,
Gas,4,19.21052055,
Gas,87,0.002519288,
Oil,1,0.438356164,
Oil,3,0.310502283,
Gas,1,14.82191781,
Gas,22,0.120797011,
Oil,23,0.019058964,
Oil,12,0.643835616,
Oil,52,0.035608008,
Gas,2,24.53391781,
Gas,57,0.747143475,
Gas,46,0.704419297,
Gas,36,2.005917808,
Oil,86,29.7981064,
Gas,2810,0.01120195,
Gas,34,1.388712329,
Gas,53,0.716191264,
Oil,41,51.70977614,
Gas,2318,0.138192348,
Gas,261,0.00084816,
Oil,2,70.82410959,
Gas,121,0.092833692,
Gas,28,0.029354207,
Gas,2,2.328767123,
Gas,73,0.69752674,
Gas,62,0.657025188,
Gas,48,0.024543379,
Oil,3,0.365296804,
Oil,10,0.706849315,
Oil,38,0.023071377,
Oil,4,2.376712329,
Oil,57,0.088920932,
Oil,22,2.104607721,
Gas,57,0.064888248,
Gas,6,0.46290411,
Gas,3,8.023671233,
Gas,26,0.712160169,
Gas,20,0.138871233,
Gas,3,1.851616438,
Gas,6,1.851616438,
Gas,12,0.694356164,
Gas,9,15.53300457,
Gas,151,0.220722489,
Gas,36,0.128584475,
Gas,5,0.555484932,
Gas,3,0.617205479,
Gas,23,0.161010125,
Gas,6,2.005917808,
Gas,23,1.610101251,
Gas,90,1.059536073,
Gas,139,0.001589435,
Oil,1,1.851616438,
Gas,2,0.46290411,
Gas,2,0.220931507,
Oil,4,0.694356164,
Gas,8,3.587506849,
Gas,78,0.155785037,
Oil,158,0.011719091,
Gas,4,0.055232877,
Oil,2,0.46290411,
Gas,2,0.46290411,
Gas,1,26.84843836,
Gas,73,0.003753049,
Oil,1,0.821917808,
Gas,1,1.917808219,
Gas,5,2.794520548,
Gas,30,0.01826484,
Oil,5,0.383561644,
Gas,4,0.479452055,
Gas,3,0.091324201,
Oil,2,0.95890411,
Gas,4,4.178082192,
Gas,36,0.02283105,
Gas,2,0.410958904,
Oil,4,1.164383562,
Gas,6,5.388127854,
Gas,107,0.005120983,
Oil,8,0.479452055,
Gas,9,0.060882801,
Oil,5,0.547945205,
Gas,6,0.319634703,
Gas,6,0.319634703,
Oil,9,0.517503805,
Gas,2,0.410958904,
Gas,2,1.369863014,
Gas,4,0.205479452,
Gas,1,5.965150685,
Gas,54,0.216840183,
Oil,96,0.168,
Gas,46,0.422651578,
Gas,140,0.001578082,
Gas,4,2.706410959,
Gas,40,0.110465753,
Gas,2,14.25008219,
Gas,166,0.005578478,
Gas,1,542.5205479,
Gas,613,0.019633958,
Gas,20,0.78630137,
Gas,44,0.04234122,
Gas,3,5.863013699,
Gas,31,0.060097216,
Gas,4,14.58219178,
Gas,95,0.009805335,
Gas,1,105.5342466,
Gas,210,0.167514677,
Gas,52,1.424130664,
Gas,119,0.194543571,
Gas,34,0,
Gas,0,,
Gas,15,25.4283105,
Gas,152,0.237382841,
Gas,17,4.73650282,
Gas,27,6.925418569,
Gas,0,,
Gas,3,0.584474886,
Gas,1,1.315068493,
Oil,2,0.328767123,
Gas,1,9.863013699,
Oil,1,4.493150685,
Gas,3,0.246575342,
Gas,3,0.219178082,
Gas,2,0.438356164,
Oil,2,0.205479452,
Gas,4,0.273972603,
Oil,1,41.91780822,
Oil,4,23.21917808,
Oil,6,56.21004566,
Oil,23,0.190589637,
Oil,3,22.55707763,
Oil,7,0.234833659,
Oil,1,41.64383562,
Oil,6,4.01369863,
Gas,26,0.178082192,
Gas,5,3.375342466,
Gas,19,0.104651766,
Oil,31,0.23891825,
Gas,14,0.047342466,
Oil,7,12.16776517,
Gas,229,0.036661123,
Oil,108,0.010228311,
Oil,7,0.132258317,
Gas,1,1.767452055,
Oil,27,0.034289193,
Gas,4,0.231452055,
Gas,2,0.33139726,
Oil,8,0.347178082,
Gas,6,0.110465753,
Oil,7,0.396774951,
Gas,3,0.30860274,
Gas,1,2.777424658,
Gas,6,0.15430137,
Gas,1,5.554849315,
Gas,11,0.336657534,
Gas,4,0.220931507,
Oil,4,15.27583562,
Gas,68,0.04084448,
Gas,5,1.110969863,
Gas,7,0.132258317,
Gas,2,1.389041096,
Gas,3,0.308675799,
Gas,2,0.220547945,
Oil,3,33.63744292,
Gas,123,0.03763448,
Gas,5,1.48109589,
Gas,8,4.629109589,
Gas,40,0.023150685,
Gas,1,0.438356164,
Oil,31,0.021210782,
Gas,21,0.052185258,
Oil,20,0.032876712,
Gas,33,0.059775841,
Oil,96,0.01826484,
Gas,85,0.036357776,
Oil,40,0.055342466,
Gas,29,0.095418044,
Gas,3,14.88584475,
Gas,71,0.169399961,
Gas,13,2.295047418,
Gas,33,0.337069323,
Gas,12,0.694063927,
Gas,9,0.200913242,
Gas,5,0.926027397,
Oil,5,0.37260274,
Gas,2,0.931506849,
Oil,2,0.931506849,
Gas,2,0.219178082,
Oil,2,0.219178082,
Oil,2,8,
Gas,31,0.037118869,
Gas,2,99.28767123,
Gas,417,0.043953878,
Gas,67,2.040482519,
Gas,204,0.00913242,
Gas,2,0.520547945,
Oil,1,29.91780822,
Oil,11,1.170610212,
Gas,16,0.017123288,
Oil,2,3.287671233,
Gas,5,0.164383562,
Gas,1,1.917808219,
Gas,1,0.273972603,
Oil,2,37.53424658,
Gas,81,0.101471334,
Oil,76,0.036049027,
Gas,8,0.068493151,
Oil,6,0.319634703,
Gas,2,3.486376849,
Oil,38,0.024363374,
Gas,4,0.231452055,
Oil,3,0.617205479,
Gas,9,0.721461187,
Gas,13,8.172813488,
Gas,237,0.05467892,
Gas,28,1.62035225,
Gas,81,0.240148825,
Gas,27,0.065347539,
Oil,104,0.042465753,
Gas,260,0.095890411,
Gas,42,0.228310502,
Gas,1,11.23287671,
Gas,1,5.753424658,
Gas,1,30.4109589,
Gas,1,1.123287671,
Gas,2,0.023145205,
Oil,1,0.220931507,
Oil,2,0.110465753,
Oil,2,0.46290411,
Gas,1,5.554849315,
Gas,5,0.044186301,
Oil,1,7.397260274,
Gas,26,0.113804004,
Gas,35,0.074363992,
Gas,58,0.009919698,
Gas,21,0.221787345,
Oil,1,23.28767123,
Oil,5,1.863013699,
Oil,2,2.328767123,
Oil,1,486.0273973,
Gas,25,17.88493151,
Gas,23,0.833829661,
Gas,1,136.1643836,
Gas,7,136.0861057,
Gas,49,0.013526419,
Oil,3,0.220931507,
Oil,4,15.2739726,
Gas,60,5.153881279,
Gas,332,0.100388843,
Gas,68,0,
Oil,0,,
Oil,0,,
Oil,0,,
Oil,0,,
Gas,6,20.47488584,
Oil,556,0.220952006,
Oil,556,0.005026116,
Gas,6,23.60730594,
Gas,153,0.00608828,
Gas,1,52.76712329,
Gas,93,0.189129474,
Gas,38,2.923576063,
Gas,343,0.005431527,
Gas,2,10.17808219,
Gas,25,12.81315068,
Gas,921,0.00803177,
Gas,9,5.452054795,
Gas,54,0.120243531,
Gas,10,2.408219178,
Gas,40,2.01369863,
Gas,313,0.04437831,
Gas,18,0.103500761,
Gas,4,1.157534247,
Gas,15,1.543378995,
Gas,76,0.060922855,
Gas,6,1.082191781,
Gas,11,3.942714819,
Gas,68,0.02739726,
Gas,2,2.315068493,
Gas,14,0.066536204,
Gas,2,29.63013699,
Gas,71,0.078333012,
Gas,12,0.077625571,
Gas,2,8.328767123,
Gas,25,0.185205479,
Gas,7,0.266144814,
Gas,4,2.547945205,
Gas,12,0.385844749,
Gas,5,6.295890411,
Gas,45,0.041400304,
Gas,2,0.95890411,
Gas,3,2.739726027,
Gas,9,0.213089802,
Oil,18,2.831050228,
Gas,111,0.192521288,
Gas,29,0.028341993,
Gas,1,1.917808219,
Gas,3,7.123287671,
Gas,27,0.152207002,
Oil,28,0.066536204,
Oil,4,0.006849315,
Oil,3,0.091324201,
Oil,1,4.657534247,
Oil,24,0.02283105,
Oil,3,0.273972603,
Oil,4,0.068493151,
Oil,1,1.643835616,
Oil,11,0.01992528,
Oil,2,0.767123288,
Oil,14,0,
Oil,0,,
Oil,3,0.146118721,
Oil,4,0,
Oil,0,,
Oil,2,0,
Oil,0,,
Oil,0,,
Oil,4,0.164383562,
Gas,2,0,
Gas,277,0.130656248,
Gas,13,0.13597471,
Oil,22,0.042092154,
Gas,1,0.221369863,
Oil,3,2.777424658,
Gas,9,9.052347032,
Gas,88,0.778520548,
Gas,74,0.012510922,
Gas,0,,
Gas,39,0.047477345,
Gas,2,1.388712329,
Gas,4,2.083068493,
Gas,9,0.372451568,
Oil,29,0.064241852,
Gas,2,0.109589041,
Oil,1,2.777424658,
Gas,21,0.925808219,
Gas,39,0.023738672,
Gas,3,1.851616438,
Gas,1,28.05479452,
Oil,264,0.003113325,
Gas,1,40.82191781,
Gas,82,0.260608086,
Gas,33,0.083022001,
Gas,6,0.0456621,
Oil,2,30.54794521,
Gas,121,0.013585418,
Oil,29,0.028341993,
Gas,2,0.95890411,
Gas,5,9.260273973,
Gas,56,0.014677104,
Oil,2,42.19178082,
Gas,138,0.001985309,
Gas,0,,
Oil,84,0.153294194,
Gas,28,2.583170254,
Gas,151,0.51528622,
Gas,127,0.189839284,
Gas,44,1.095890411,
Gas,129,0.050971647,
Gas,7,0.939334638,
Gas,0,,
Oil,0,,
Gas,1,2.421917808,
Oil,5,0.37260274,
Oil,6,0.518721461,
Gas,4,0.194520548,
Gas,1,32.40328767,
Gas,35,0.608388258,
Gas,23,0.437288862,
Oil,45,9.557794825,
Gas,880,0.00210411,
Gas,5,0.185161644,
Gas,2,0.662794521,
Oil,16,1.678027397,
Gas,75,0.01234411,
Gas,1,0.925808219,
Gas,1,3.703232877,
Gas,10,62.8630137,
Gas,228,0.012136506,
Gas,3,0.294575342,
Oil,7,0.725917808,
Oil,41,0.343252122,
Gas,64,0.274849315,
Gas,15,2.468821918,
Gas,31,1.104996907,
Gas,9,0.091324201,
Gas,2,3.287671233,
Gas,9,0.091324201,
Oil,18,0.152207002,
Gas,6,0.913242009,
Gas,12,0.228310502,
Gas,7,0.821917808,
Oil,73,0.112591481,
Gas,11,0.0498132,
Oil,6,0.0456621,
Oil,2,0.273972603,
Oil,20,0.095890411,
Gas,2,0.136986301,
Oil,3,0.273972603,
Gas,1,1.369863014,
Oil,13,1.074815595,
Gas,31,0.017675652,
Oil,4,2.808219178,
Gas,17,0.161160355,
Gas,3,0.091324201,
Oil,1,4.657534247,
Gas,11,0.523038605,
Oil,44,5.449643836,
Gas,259,0.050043688,
Gas,14,0.066129159,
Gas,1,0.925808219,
Gas,1,0.925808219,
Gas,1,25.92263014,
Gas,23,0.442787373,
Gas,5,0.185161644,
Gas,116,0.064755786,
Oil,269,0.087554338,
Oil,2,1.988383562,
Oil,22,0.218817335,
Oil,36,0.0304414,
Oil,5,0.044186301,
Oil,2,0.110465753,
Gas,1,16.79079452,
Gas,78,0,
Gas,28,2.004164384,
Gas,362,0.514053735,
Gas,51,6.571423046,
Gas,176,0.010520548,
Gas,2,9.234936986,
Oil,85,0.005111749,
Oil,2,0.747484932,
Oil,6,5.251141553,
Gas,28,2.808219178,
Gas,69,0.270001985,
Gas,13,0.295047418,
Gas,12,0.159817352,
Gas,2,19.8630137,
Gas,35,9.362035225,
Gas,130,1.532139094,
Gas,63,0.043487715,
Gas,3,0.639269406,
Gas,2,12.05479452,
Gas,4,3.493150685,
Gas,3,0.441826484,
Oil,2,18.00589041,
Oil,3,1.826484018,
Gas,7,0.665362035,
Gas,6,1.552511416,
Gas,10,1.01369863,
Gas,10,4.082191781,
Gas,40,0.602739726,
Gas,1,0.547945205,
Oil,1,2.739726027,
Oil,7,0.11741683,
Gas,2,1.917808219,
Gas,1,1.917808219,
Gas,1,54.52054795,
Gas,4,0.410958904,
Oil,7,0.195694716,
Oil,8,0.342465753,
Gas,5,1.315068493,
Gas,6,0.319634703,
Gas,3,10.50228311,
Gas,39,0.119423955,
Gas,7,0.11741683,
Oil,7,0.11741683,
Gas,1,30.68493151,
Gas,12,0.936073059,
Gas,7,5.557729941,
Gas,11,0.074719801,
Gas,1,0.273972603,
Oil,1,20.2739726,
Gas,23,0.810005956,
Oil,199,0.163832863,
Gas,98,0.547945205,
Gas,62,0.044189129,
Gas,4,2.054794521,
Gas,6,69.13242009,
Gas,142,0.005788154,
Gas,1,0.633547397,
Oil,158,0.00042515,
Oil,8,6.712109589,
Gas,52,0.284864067,
Gas,27,0,
Gas,0,,
Gas,23,0.028817153,
Oil,8,0.231452055,
Gas,1,2.777424658,
Gas,4,0.110465753,
Oil,7,1.190324853,
Gas,10,0.277742466,
Gas,5,0.925808219,
Gas,2,0.110465753,
Oil,2,0.46290411,
Gas,1,2.777424658,
Gas,3,10.18389041,
Gas,25,0.111096986,
Gas,2,0.33139726,
Oil,4,4.629041096,
Gas,16,0.347178082,
Gas,7,0.252493151,
Oil,16,1.388712329,
Gas,18,0.25716895,
Gas,1,2.777424658,
Gas,1,4.629041096,
Gas,1,5.554849315,
Gas,1,12.03550685,
Gas,1,1.851616438,
Gas,1,1.851616438,
Gas,1,4.629041096,
Gas,1,0.925808219,
Gas,1,22.21939726,
Gas,1,0.441863014,
Oil,1,1.851616438,
Gas,1,2.777424658,
Gas,5,0.547945205,
Oil,12,26.68949772,
Gas,413,0.000663372,
Oil,4,0.136986301,
Oil,5,176.4383562,
Gas,1651,0.5960688,
Gas,1811,0.030105217,
Gas,83,0.112229741,
Gas,9,0.121765601,
Oil,57,0.403749099,
Gas,26,0.042149631,
Oil,10,0.054794521,
Oil,5,0.383561644,
Gas,5,0.109589041,
Oil,4,45.13315068,
Gas,195,0.023738672,
Gas,5,1.94419726,
Oil,113,0.037147775,
Oil,51,0.008663981,
Oil,6,0.294575342,
Oil,20,0.386630137,
Oil,56,0.011835616,
Oil,6,1.031013699,
Oil,75,0.026511781,
Oil,28,0.086794521,
Oil,30,0.339726027,
Gas,21,1.587736464,
Gas,36,0.386630137,
Oil,126,0.084164384,
Oil,96,0.727232877,
Oil,632,0.027266863,
Oil,156,0.001416228,
Oil,6,1.325589041,
Oil,154,0.00143462,
Oil,4,1.712219178,
Oil,70,0.012624658,
Oil,194,0.006832933,
Oil,24,12.25249315,
Oil,3426,6.44867E-05,
Oil,2,96.89950685,
Gas,83,0.022308632,
Gas,7,0.094684932,
Oil,5,13.5168,
Gas,192,0.048219178,
Gas,4,15.27583562,
Gas,98,0.122811294,
Gas,13,6.053361433,
Gas,70,0.034717808,
Gas,12,0.073643836,
Gas,4,0.110465753,
Gas,2,0.33139726,
Oil,3,0.220931507,
Gas,3,0.294575342,
Gas,4,0.16569863,
Gas,3,0.073643836,
Oil,2,0.441863014,
Gas,3,1.988383562,
Gas,31,0.035634114,
Gas,6,0.780273973,
Gas,19,0.05813987,
Gas,6,1.111671233,
Gas,31,0.007126823,
Gas,1,1.546520548,
Gas,6,0.073643836,
Gas,2,0.33139726,
Gas,2,1.215123288,
Gas,10,0.066279452,
Gas,3,2.35660274,
Gas,30,0.030860274,
Gas,1,3.356054795,
Gas,13,0.016994731,
Gas,1,0.220931507,
Gas,1,13.91868493,
Gas,65,0.016994731,
Gas,8,0.994191781,
Gas,35,0.025249315,
Oil,0,,
Gas,3,3.145643836,
Gas,7,0.063123288,
Oil,0,,
Gas,3,0.073643836,
Oil,1,1.851616438,
Gas,4,2.264383562,
Oil,7,0.631232877,
Gas,1,0.220931507,
Gas,1,1.546520548,
Oil,14,0.015780822,
Oil,2,0.220931507,
Oil,4,0.607561644,
Oil,22,0.010042341,
Oil,2,0.552328767,
Gas,5,0.265117808,
Oil,10,0.022093151,
Gas,1,0.220931507,
Oil,1,0.220931507,
Oil,2,0.110465753,
Oil,2,0.552328767,
Oil,1,0.662794521,
Oil,4,0,
Oil,0,,
Oil,0,,
Gas,2,0,
Oil,0,,
Oil,0,,
Oil,6,1.146739726,
Gas,7,0.491459883,
Oil,6,0,
Oil,0,,
Oil,6,0,
Oil,0,,
Oil,26,0.088210748,
Gas,3,1.911232877,
Oil,10,0,
Oil,0,,
Gas,0,,
Gas,0,,
Oil,26,0.543831401,
Gas,6,0.478684932,
Gas,128,0.001726027,
Oil,14,0.110465753,
Gas,2,0.33139726,
Gas,6,0.073643836,
Gas,4,0.33139726,
Gas,12,0.736438356,
Gas,80,0.055232877,
Gas,40,0.022093151,
Gas,2,0.110465753,
Gas,8,0.082849315,
Oil,3,0.220931507,
Oil,5,0.088372603,
Oil,3,4.011835616,
Gas,20,0.397676712,
Oil,2,1.656986301,
Oil,4,2.927342466,
Oil,6,33.2870137,
Oil,60,0.136241096,
Oil,12,0.828493151,
Oil,8,3.424438356,
Oil,15,0.913183562,
Oil,1,2.430246575,
Oil,2,32.03506849,
Oil,33,0.294575342,
Oil,2,4.750027397,
Oil,4,0.773260274,
Oil,6,4.050410959,
Oil,43,0.652518637,
Oil,3,3.682191781,
Oil,8,0.469479452,
Oil,3,1.251945205,
Oil,2,0,
Oil,2,0.220931507,
Oil,2,0,
Oil,2,0.441863014,
Oil,6,0,
Oil,2,0.110465753,
Oil,2,1.656986301,
Oil,10,0.33139726,
Gas,20,0,
Oil,2,0.33139726,
Oil,3,0.957369863,
Oil,8,0.938958904,
Gas,31,0.014253646,
Gas,0,,
Oil,0,,
Gas,48,0.018410959,
Oil,6,0.073643836,
Gas,2,0.662794521,
Oil,4,0,
Oil,0,,
Oil,1,0,
Oil,2,2.651178082,
Oil,27,0.20456621,
Gas,35,0.334553425,
Oil,63,0.063123288,
Gas,5,2.606991781,
Oil,32,0,
Oil,0,,
Gas,0,,
Gas,0,,
Gas,68,0,
Gas,0,,
Gas,4,0,
Gas,0,,
Gas,0,,
Gas,9,0,
Gas,0,,
Gas,121,0,
Gas,0,,
Gas,63,0.003506849,
Gas,1,13.25589041,
Gas,60,0,
Gas,0,,
Gas,31,0.092648696,
Gas,13,0,
Gas,0,,
Gas,59,0,
Gas,0,,
Gas,0,,
Gas,6,2.430246575,
Gas,66,0,
Gas,0,,
Gas,0,,
Gas,7,0,
Gas,0,,
Gas,43,0,
Gas,0,,
Gas,0,,
Gas,0,,
Gas,14,0.195694716,
Gas,5,9.424657534,
Gas,51,0.037604083,
Gas,20,0.931506849,
Gas,2,62.02739726,
Gas,179,0.015458789,
Gas,3,2.164383562,
Gas,11,1.405927771,
Gas,210,0.091528767,
Gas,172,0.030827652,
Oil,20,0.276164384,
Oil,70,0.028405479,
Oil,5,2.221939726,
Gas,12,6.09490411,
Gas,88,0.002510585,
Oil,1,50.91945205,
Gas,62,0.657025188,
Gas,48,0.154109589,
Gas,8,0.116438356,
Oil,1,0.931506849,
Gas,1,5.561643836,
Oil,11,0.505603985,
Gas,7,0.266144814,
Oil,2,0.465753425,
Gas,2,9.273972603,
Gas,168,0.022015656,
Gas,8,11.80479452,
Gas,204,2.269137792,
Gas,1000,0.060164384,
Gas,130,0.334668072,
Gas,94,0.197027106,
Gas,40,0.578767123,
Gas,50,0.389041096,
Gas,42,12.12393999,
Gas,1100,0.01011208,
Gas,24,0.617579909,
Gas,32,1.938356164,
Gas,134,0.001648743,
Oil,2,12.96131507,
Gas,43,0.667443135,
Gas,64,0.014465753,
Gas,1,3.703232877,
Gas,4,0.055232877,
Oil,1,3.698630137,
Gas,4,2.547945205,
Gas,16,1.099315068,
Gas,18,0.051750381,
Gas,1,74.05479452,
Gas,102,0.0453935,
Gas,7,0.794520548,
Gas,8,0.054794521,
Oil,4,0.328767123,
Oil,10,0.043835616,
Oil,5,0.043835616,
Oil,3,5.670575342,
Oil,77,0.031561644,
Oil,11,0.060254047,
Oil,3,3.608547945,
Oil,49,0.243475538,
Oil,54,0.028639269,
Oil,7,0.915287671,
Oil,29,0.266641474,
Oil,35,0.012624658,
Oil,2,1.656986301,
Oil,15,0.014728767,
Oil,4,0.441863014,
Oil,18,0.036821918,
Oil,3,3.394630137,
Gas,11,0.140592777,
Oil,7,3.174199609,
Gas,49,0.099193738,
Oil,48,0.019287671,
Gas,2,0.33139726,
Oil,7,0.264516634,
Gas,4,0.16569863,
Oil,3,0.294575342,
Oil,6,0.036821918,
Oil,2,0.110465753,
Oil,3,0.30860274,
Gas,2,2.314520548,
Gas,5,0.370323288,
Gas,2,0.925808219,
Gas,2,0.110465753,
Oil,1,7.406465753,
Gas,10,0.198838356,
Oil,12,0.077150685,
Gas,1,0.220931507,
Oil,2,0.110465753,
Oil,2,3.240328767,
Gas,16,0.013808219,
Oil,2,0.220931507,
Oil,4,0.231452055,
Gas,1,6.480657534,
Gas,11,0.084164384,
Gas,2,0.925808219,
Gas,2,0.110465753,
Oil,2,5.554849315,
Gas,12,6.09490411,
Gas,88,0.002510585,
Oil,1,5.97260274,
Oil,54,0.565702689,
Gas,42,0.022178735,
Gas,1,222.1917808,
Gas,278,0.003350744,
Gas,2,0.767123288,
Oil,20,0.046575342,
Gas,4,0.445205479,
Oil,3,0,
Oil,0,,
Oil,3,0,
Oil,4,0,
Oil,0,,
Oil,0,,
Oil,0,,
Oil,40,0.259589041,
Oil,44,0.100249066,
Gas,5,0.306849315,
Gas,7,0.132258317,
Gas,1,4.629041096,
Gas,5,0.370323288,
Gas,2,0.110465753,
Oil,2,0.220931507,
Oil,3,12.69016932,
Gas,82,0.00185275,
Gas,2,0.441863014,
Gas,1,3.093041096,
Gas,6,4.381808219,
Oil,152,0.010174477,
Gas,4,0.441863014,
Oil,6,0,
Gas,4,0.33139726,
Oil,18,0,
Gas,1,0.441863014,
Gas,1,38.98915068,
Gas,13,1.41137197,
Gas,16,2.651835616,
Gas,37,0.185957793,
Gas,6,4.395835616,
Gas,30,0.038224658,
Oil,1,3.440219178,
Gas,3,0.382246575,
Gas,1,2.293479452,
Gas,4,105.2133699,
Gas,224,0,
Oil,0,,
Gas,5,0.132558904,
Oil,6,1.215123288,
Oil,66,0.020084682,
Oil,12,0.534246575,
Oil,83,0,
Gas,0,,
Gas,47,0.365980764,
Gas,21,0.054606654,
Oil,1,0,
Gas,0,,
Gas,4,14.90761644,
Gas,39,0.088210748,
Gas,9,0.382246575,
Gas,2,0.573369863,
Gas,2,1.146739726,
Oil,0,,
Gas,60,0.114673973,
Gas,6,0.191123288,
Gas,0,,
Gas,11,2.814724782,
Gas,26,0.176421496,
Gas,6,0.478684932,
Oil,13,0.033989463,
Oil,5,0.751178082,
Oil,32,0.628270548,
Oil,142,0.003112097,
Oil,4,6.296547945,
Gas,144,0.00460274,
Gas,7,0.662794521,
Gas,53,0.020842595,
Gas,15,1.885282192,
Gas,117,0.026436249,
Gas,18,1.485150685,
Gas,229,0.012541963,
Gas,37,0.441614217,
Oil,69,0.054476871,
Oil,17,0.532473811,
Oil,35,0.063248532,
Oil,11,0.702366127,
Oil,32,0.01369863,
Oil,2,5.632876712,
Oil,48,0.120319635,
Oil,29,0.974964573,
Oil,109,0.004021616,
Oil,2,3.315068493,
Oil,31,0.071409633,
Oil,10,0.375890411,
Oil,15,0.147579909,
Oil,10,1.966027397,
Oil,75,0.120840183,
Oil,26,0.034141201,
Oil,4,5.468493151,
Oil,15,3.999269406,
Oil,279,0.007934404,
Oil,10,1.170410959,
Oil,50,0.251835616,
Oil,52,0.008429926,
Oil,2,0.663013699,
Oil,6,0.588127854,
Oil,16,0.939041096,
Oil,57,0.019418409,
Oil,7,0.126810176,
Oil,4,0.38630137,
Oil,4,0.44109589,
Oil,6,0.699543379,
Oil,19,0.418168709,
Oil,36,1.325418569,
Oil,146,0.051416776,
Oil,34,0.04544722,
Oil,7,0.536203523,
Oil,51,0.017190438,
Oil,12,0.073059361,
Oil,12,0.716894977,
Oil,117,0.026460602,
Oil,28,0.007827789,
Oil,2,0.219178082,
Oil,4,1.390410959,
Gas,6,1.698630137,
Gas,11,1.093399751,
Gas,13,0.143308746,
Gas,2,12.04109589,
Oil,109,0,
Oil,3,6.164383562,
Gas,22,0.714819427,
Oil,23,3.818939845,
Gas,96,0.002853881,
Oil,17,0.045124899,
Gas,51,0.015578834,
Oil,15,0.007305936,
Gas,1764,0,
Gas,4,0,
Oil,0,,
Gas,68,0,
Oil,0,,
Gas,4,1.851616438,
Gas,8,1.233639452,
Gas,13,0.356080084,
Gas,5,0.370323288,
Gas,2,0.46290411,
Gas,1,5.101203288,
Gas,29,0.459711667,
Gas,16,0.057863014,
Gas,1,0.219178082,
Oil,1,0.925808219,
Gas,1,7.406465753,
Gas,14,0.015780822,
Oil,2,7.410958904,
Gas,18,0.153729072,
Gas,3,24.07305936,
Gas,82,0.013364517,
Oil,5,0.185205479,
Gas,1,56.47452055,
Gas,33,2.973814861,
Gas,16,0.082876712,
Oil,6,0.036894977,
Oil,1,82.39671233,
Gas,44,0.147297634,
Gas,7,2.645166341,
Gas,33,0.74313325,
Oil,220,0.008416438,
Gas,2,0.220931507,
Gas,2,1.656986301,
Oil,56,0.003945205,
Gas,2,0.220931507,
Oil,3,0.073643836,
Oil,3,0.073643836,
Oil,1,0.220931507,
Oil,1,1.546520548,
Gas,7,0.473424658,
Oil,48,0.039954338,
Oil,18,0.060882801,
Oil,11,0.323785803,
Oil,47,0.711162926,
Gas,49,0.005591278,
Oil,2,22.19178082,
Gas,70,0.070450098,
Oil,43,0.063714559,
Gas,3,12.96803653,
Gas,85,0.009669621,
Oil,8,0.102739726,
Gas,2,0.547945205,
Oil,10,0.02739726,
Oil,2,0.110410959,
Gas,3,0.147305936,
Gas,4,3.886780822,
Gas,103,0.030440218,
Oil,30,0.040474886,
Gas,8,0.055232877,
Oil,5,0.370323288,
Oil,4,1.388712329,
Oil,11,0.020084682,
Oil,2,0.109589041,
Oil,2,2.328767123,
Gas,10,0.082191781,
Gas,1,0.821917808,
Oil,1,73.15068493,
Gas,37,0.148093299,
Gas,1,4.657534247,
Gas,5,21.31506849,
Gas,126,0.0152207,
Gas,1,0.821917808,
Gas,1,0.273972603,
Oil,2,43.56164384,
Gas,100,0.454794521,
Gas,49,0.016773833,
Gas,1,0.547945205,
Oil,1,122.1917808,
Gas,85,0.019339243,
Oil,18,1.278538813,
Gas,53,0.471638149,
Gas,27,0.822940639,
Gas,24,4.281872146,
Gas,157,0.153319955,
Gas,38,0.097447729,
Gas,2,3.703013699,
Gas,10,0.530191781,
Oil,48,0.038812785,
Gas,2,0.093150685,
Oil,1,4.668493151,
Gas,6,0.129680365,
Gas,1,10.46821918,
Oil,19,27.1074261,
Gas,720,0.010273973,
Oil,8,0.342465753,
Oil,6,7.570776256,
Gas,62,0.007070261,
Gas,2,11.57260274,
Gas,25,0.044186301,
Gas,7,0.063123288,
Oil,4,0.110465753,
Gas,2,0.110465753,
Oil,2,0.552328767,
Gas,1,0.662794521,
Gas,2,1.436054795,
Gas,19,0.023255948,
Oil,8,0.082849315,
Gas,3,0.883726027,
Oil,2,0.662794521,
Gas,10,0.463956164,
Oil,31,0.057014582,
Gas,11,0.020084682,
Gas,2,0.33139726,
Oil,6,0.33139726,
Gas,4,0.883726027,
Oil,3,0.073643836,
Oil,1,1.767452055,
Gas,1,1.767452055,
Oil,1,1.546520548,
Gas,12,0.018410959,
Oil,2,0.662794521,
Gas,6,0.84690411,
Oil,28,0.157808219,
Gas,4,0.662794521,
Oil,11,0.140592777,
Gas,14,0.173589041,
Oil,17,0.489927478,
Gas,33,0.020083022,
Gas,9,0.800608828,
Gas,39,0.184755883,
Gas,42,0.254253098,
Gas,51,0.086446414,
Gas,48,0.143812785,
Gas,42,0.015812133,
Gas,6,0.036803653,
Gas,3,0.898995434,
Gas,21,0.031624266,
Gas,9,2.864383562,
Gas,18,0.373455099,
Gas,66,0.268327107,
Gas,201,0.056370204,
Gas,114,0.023302091,
Gas,33,0.006708178,
Oil,3,9.296803653,
Oil,56,0.05332681,
Oil,4,1.321917808,
Gas,8,1.058219178,
Gas,16,0.702054795,
Gas,19,0.255227109,
Oil,6,0.689497717,
Gas,6,0.461187215,
Gas,3,1.305936073,
Gas,5,0.597260274,
Oil,4,1.212328767,
Gas,6,0.073059361,
Oil,2,0.465753425,
Oil,1,1.589041096,
Oil,4,0.054794521,
Gas,1,2.767123288,
Gas,3,0.99543379,
Gas,4,0.452054795,
Gas,5,0.131506849,
Oil,3,0.310502283,
Gas,1,0.438356164,
Oil,2,1.04109589,
Oil,3,0.621004566,
Gas,2,0.33139726,
Oil,4,0.552328767,
Oil,0,,
Oil,0,,
Oil,52,0.034414331,
Oil,17,0.093570991,
Oil,21,0.157808219,
Oil,19,0.034883922,
Oil,1,4.208745205,
Oil,15,13.82465753,
Gas,224,0,
Gas,0,,
Gas,0,,
Gas,0,,
Gas,14,0,
Gas,0,,
Gas,0,,
Gas,64,0.003452055,
Oil,1,3.093041096,
Oil,18,0.036821918,
Oil,6,0.147287671,
Oil,8,0.055232877,
Oil,4,0.231452055,
Gas,1,5.561643836,
Gas,6,3.831050228,
Oil,6,0.155251142,
Gas,1,3.698630137,
Gas,4,3.260273973,
Oil,104,0.004214963,
Oil,8,0.011572603,
Gas,4,1.851616438,
Gas,19,0.011627974,
Oil,2,0.110465753,
Oil,1,0.220931507,
Oil,8,0.810082192,
Gas,11,0.020084682,
Oil,6,0.162016438,
Gas,5,0.185161644,
Gas,2,0.46290411,
Gas,3,1.234410959,
Gas,7,3.571037182,
Gas,34,0.217824335,
Gas,8,3.321917808,
Gas,236,0.020896215,
Gas,44,0.0124533,
Gas,6,6.296803653,
Gas,306,0.012266094,
Gas,31,0.049491825,
Gas,2,8.801936438,
Oil,14,2.380626223,
Gas,43,0.236827015,
Gas,18,0.068493151,
Oil,19,0.023258832,
Gas,2,4.308219178,
Gas,39,0.014049877,
Gas,2,3.205479452,
Oil,60,0.031050228,
Gas,4,0.691780822,
Gas,9,0.465753425,
Oil,42,0.068493151,
Oil,26,0.035827187,
Gas,1,2.767123288,
Gas,12,0.077625571,
Gas,8,0.02739726,
Oil,2,0.465753425,
Gas,8,0.578767123,
Gas,4,0.054794521,
Oil,4,0.232876712,
Gas,4,0.054794521,
Oil,4,0.109589041,
Oil,6,1.543013699,
Gas,17,0.370668815,
Oil,65,0.004214963,
Oil,1,0.547945205,
Oil,49,0.005591278,
Oil,1,10.68493151,
Oil,177,0.003095736,
Oil,24,0.02283105,
Oil,9,0.578386606,
Oil,62,0.088915599,
Gas,15,7.509567123,
Oil,233,0.799245576,
Gas,398,0.053395746,
Gas,37,0.423096631,
Oil,35,0.039076321,
Gas,4,2.106739726,
Oil,26,0.113702845,
Gas,9,5.080255708,
Oil,96,0.237041096,
Gas,52,0.02630137,
Gas,3,0.147287671,
Oil,3,1.07309589,
Gas,7,0.163819961,
Gas,2,1.388712329,
Gas,3,1.146739726,
Oil,9,1.69030137,
Gas,27,0.057278539,
Oil,14,0.526027397,
Gas,14,1.404493151,
Oil,56,0.264516634,
Gas,33,0.026779577,
Oil,4,0.110465753,
Gas,1,21.20942466,
Gas,36,0.796639269,
Oil,95,0.012070944,
Gas,2,0.925808219,
Gas,4,0.518136986,
Gas,5,0.044186301,
Oil,3,2.675726027,
Gas,37,1.235453536,
Gas,142,0.304799537,
Oil,235,0.196622326,
Gas,138,0.006708755,
Gas,1,0.220931507,
Gas,1,3.576986301,
Gas,8,0.027616438,
Oil,1,0.220931507,
Gas,0,,
Gas,2,0.95890411,
Gas,4,23.15068493,
Gas,139,0.120232581,
Gas,22,0.0249066,
Oil,4,0.205479452,
Gas,2,0.410958904,
Gas,1,29.5890411,
Gas,59,0.125377293,
Gas,10,3.150684932,
Gas,45,0.182648402,
Gas,14,0.039138943,
Oil,5,4.054794521,
Gas,28,0.068493151,
Gas,3,10.80109589,
Gas,35,0.052903327,
Gas,2,0,
Gas,0,,
Gas,10,0,
Gas,1,0,
Gas,0,,
Gas,9,0,
Gas,0,,
Gas,4,0,
Gas,0,,
Gas,1,0,
Gas,0,,
Gas,0,,
Gas,1,0,
Gas,0,,
Gas,0,,
Gas,0,,
Gas,33,0,
Gas,0,,
Gas,1,0,
Gas,0,,
Gas,0,,
Gas,0,,
Gas,0,,
Gas,3,0,
Gas,0,,
Gas,0,,
Gas,9,10.69822831,
Gas,224,0.004133072,
Gas,2,0.220931507,
Oil,4,0.231452055,
Gas,2,1.851616438,
Gas,8,0.578630137,
Gas,7,0.264516634,
Gas,5,0.555484932,
Gas,8,0.810082192,
Gas,13,0.071216017,
Gas,1,0.925808219,
Gas,2,1.325589041,
Oil,25,0.037032329,
Gas,2,0.33139726,
Oil,6,1.543013699,
Gas,20,0.011046575,
Oil,2,0.552328767,
Oil,18,0.012273973,
Oil,3,0.589150685,
Oil,21,4.408610568,
Gas,120,0.30860274,
Gas,74,8.795178082,
Gas,762,0.00122245,
Oil,2,0.465753425,
Oil,2,0.465753425,
Oil,2,0.139726027,
Gas,6,0.310502283,
Oil,4,0.465753425,
Oil,4,4.252931507,
Oil,77,0.00286924,
Oil,1,0.662794521,
Oil,3,0.220931507,
Oil,3,7.095890411,
Gas,11,14.56039851,
Gas,127,0.086290584,
Oil,6,0.15430137,
Gas,2,0.46290411,
Gas,1,2.739726027,
Oil,48,0.017123288,
Gas,2,4.383561644,
Gas,11,0.373599004,
Oil,20,120.3794521,
Gas,2311,0.003787923,
Gas,38,0.017447729,
Oil,8,0.143342466,
Gas,4,0.662794521,
Oil,17,0.108918614,
Gas,3,5.162082192,
Oil,80,0.002761644,
Gas,0,,
Oil,12,9.247561644,
Gas,294,0.004651943,
Gas,3,0.220931507,
Oil,5,0.044186301,
Gas,1,0.220931507,
Oil,1,2.914191781,
Gas,13,0.050984194,
Oil,3,1.059068493,
Gas,6,0.338410959,
Gas,10,0.683835616,
Gas,23,5.756295414,
Oil,439,0.061877118,
Gas,74,0.028007405,
Gas,5,19.08216986,
Oil,264,0.127920299,
Gas,79,0.078704352,
Gas,10,4.566969863,
Gas,144,0.624,
Oil,628,0.081048425,
Gas,197,0.055059314,
Gas,16,0.262356164,
Oil,26,8.585981033,
Gas,732,0.008149113,
Gas,27,8.949479452,
Gas,304,0.015227109,
Gas,7,0.536547945,
Oil,37,0.175152906,
Gas,9,0.417315068,
Oil,45,0.10286758,
Gas,7,10.71292368,
Gas,132,0.021041096,
Gas,8,0.231452055,
Gas,4,0.110465753,
Oil,5,0,
Gas,0,,
Gas,2,0,
Gas,0,,
Gas,4,0,
Gas,0,,
Gas,0,,
Gas,3,0,
Gas,0,,
Gas,0,,
Gas,0,,
Gas,4,0,
Gas,0,,
Gas,0,,
Gas,6,0,
Gas,0,,
Gas,2,0.328767123,
Gas,3,0.146118721,
Gas,2,0.219178082,
Gas,2,0.109589041,
Gas,1,0.438356164,
Gas,2,0.109589041,
Gas,1,87.04438356,
Oil,188,0.016450015,
Oil,8,0.054794521,
Oil,2,0.109589041,
Gas,1,0.657534247,
Gas,2,0.657534247,
Oil,1,2.520547945,
Gas,2,0.136986301,
Oil,4,0.110465753,
Oil,12,0.073643836,
Oil,6,0.036821918,
Oil,4,0,
Oil,4,0.055232877,
Oil,1,0,
Oil,8,0.469479452,
Oil,32,0.027616438,
Oil,12,0.16569863,
Oil,29,0.015236656,
Oil,14,0.284054795,
Oil,55,0.06828792,
Oil,24,0,
Oil,11,0,
Oil,2,2.209315068,
Oil,16,0,
Oil,10,0,
Oil,2,1.325589041,
Oil,10,0,
Oil,19,0.11627974,
Oil,13,0,
Oil,5,0.31814137,
Oil,30,5.863452055,
Gas,190,0.008651766,
Oil,23,0.035735557,
Gas,1,0.547945205,
Oil,6,3.561643836,
Gas,40,0.198630137,
Oil,92,0.041691483,
Gas,7,0.391389432,
Gas,5,0.054794521,
Oil,2,0.684931507,
Oil,16,0.051369863,
Gas,2,22.19178082,
Gas,79,0,
Gas,0,,
Gas,0,,
Gas,0,,
Gas,0,,
Gas,0,,
Gas,0,,
Gas,0,,
Gas,0,,
Gas,0,,
Gas,0,,
Gas,0,,
Gas,0,,
Gas,1,0,
Gas,0,,
Gas,0,,
Gas,6,0.257753425,
Gas,14,0.031561644,
Gas,4,0.110465753,
Oil,4,0.386630137,
Gas,14,0.047342466,
Oil,6,0.441863014,
Gas,24,0.018410959,
Oil,4,2.485479452,
Gas,90,0.014728767,
Gas,12,0.110465753,
Oil,12,0.018410959,
Gas,2,0.441863014,
Gas,8,5.902027397,
Gas,51,0.072612409,
Gas,7,1.058066536,
Gas,8,0.055232877,
Oil,2,0.46290411,
Gas,1,7.406465753,
Gas,10,0.044186301,
Oil,2,3.240328767,
Gas,7,0.031561644,
Oil,2,0.925808219,
Gas,2,0.110465753,
Oil,2,0.110465753,
Gas,1,0.883726027,
Oil,13,0.016994731,
Oil,1,0.883726027,
Oil,12,0.1543379,
Gas,2,1.388493151,
Gas,7,0.189369863,
Oil,12,0.018410959,
Oil,2,0.220931507,
Oil,4,0.055232877,
Gas,2,0.552328767,
Oil,12,0.202520548,
Oil,18,0.392767123,
Gas,63,0.056109589,
Oil,33,0.153982565,
Gas,46,0.009605718,
Oil,4,0.110465753,
Gas,2,0.33139726,
Oil,5,0.176745205,
Oil,7,0.441863014,
Gas,2,0.110465753,
Gas,27,0.024547945,
Oil,7,0.031561644,
Gas,1,0.925808219,
Gas,3,0.147287671,
Oil,4,0.231452055,
Gas,2,0.33139726,
Oil,10,0.066279452,
Oil,8,0.347178082,
Gas,6,0.15430137,
Gas,2,0.552328767,
Oil,16,1.02739726,
Oil,150,0.001826484,
Oil,2,0.136986301,
Oil,3,0.182648402,
Oil,3,0.456621005,
Oil,21,0.078277886,
Oil,23,0.035735557,
Gas,1,0.821917808,
Gas,2,0.410958904,
Gas,1,1.917808219,
Gas,3,0.182648402,
Oil,6,8.630136986,
Gas,121,0.002264236,
Oil,4,0.068493151,
Oil,1,93.42465753,
Gas,186,0.004418913,
Gas,2,8.808219178,
Gas,80,0.071917808,
Gas,26,0.127502634,
Gas,15,0.927853881,
Gas,63,0.006958034,
Gas,2,0.890410959,
Gas,8,0.304794521,
Gas,11,0,
Oil,26,0.042149631,
Oil,9,0.368340944,
Oil,31,0.030048608,
Gas,2,0.219178082,
Oil,5,0.306849315,
Oil,12,0,
Oil,14,0.133072407,
Oil,16,0,
Gas,2,0.767123288,
Oil,10,4.630136986,
Gas,96,0.110445205,
Oil,43,1.762344696,
Gas,331,0.01332616,
Oil,12,0.716894977,
Gas,36,1.610345205,
Oil,57,0.324921894,
Gas,10,1.634893151,
Oil,178,0.002478067,
Gas,3,32.0913242,
Gas,287,0.22258107,
Gas,69,0.402525313,
Gas,30,0.061720548,
Gas,2,3.703232877,
Gas,8,2.777424658,
Gas,24,0.270027397,
Gas,7,3.174199609,
Gas,24,0.077150685,
Gas,2,6.943561644,
Gas,15,0.30860274,
Gas,5,0.185161644,
Gas,1,0.925808219,
Gas,1,5.554849315,
Gas,6,3.086027397,
Gas,20,0.092580822,
Gas,2,0.925808219,
Gas,2,0.925808219,
Gas,2,0.46290411,
Gas,1,5.554849315,
Gas,6,0.30860274,
Gas,2,4.166136986,
Gas,9,0.617205479,
Gas,6,5.091945205,
Gas,33,0.336657534,
Gas,12,0.46290411,
Gas,6,2.777424658,
Gas,18,2.057351598,
Gas,40,0.416613699,
Gas,18,1.313546423,
Gas,124,0.006274856,
Gas,1,57.39726027,
Gas,62,0.209014582,
Gas,14,8.133072407,
Gas,123,0.07528678,
Gas,10,0.043835616,
Oil,4,0.924657534,
Gas,4,0.110465753,
Oil,4,1.157260274,
Gas,11,0.040169365,
Oil,4,0.231452055,
Gas,2,6.943561644,
Gas,31,0.014253646,
Oil,8,2.083068493,
Gas,36,0.30860274,
Gas,24,0.231452055,
Gas,23,0.040252531,
Gas,2,0.46290411,
Gas,4,0.055232877,
Oil,8,0.055232877,
Oil,6,0.30860274,
Gas,7,0.396774951,
Gas,5,0.044186301,
Oil,2,0.925808219,
Gas,3,0.147287671,
Oil,8,0.115726027,
Gas,2,0.33139726,
Oil,7,2.248391389,
Gas,30,0.030860274,
Gas,5,0.176745205,
Oil,14,0.066129159,
Gas,1,0.220931507,
Oil,3,2.468821918,
Gas,19,0.023255948,
Oil,3,0.073643836,
Oil,1,7.406465753,
Gas,13,0.016994731,
Oil,2,40.73556164,
Gas,117,0.00566491,
Oil,8,0.231452055,
Gas,3,0.147287671,
Oil,8,0.925808219,
Gas,11,0,
Oil,0,,
Oil,0,,
Oil,0,,
Oil,0,,
Oil,0,,
Oil,39,0.976466456,
Gas,75,0.012420091,
Gas,1,2.876712329,
Gas,43,0.646702772,
Gas,192,0.003424658,
Gas,4,0.219178082,
Gas,7,0.093933464,
Gas,4,0.164383562,
Gas,5,0.175342466,
Gas,5,0.219178082,
Gas,10,0.021917808,
Gas,1,41.47945205,
Gas,609,0.001799492,
Gas,10,1.191780822,
Gas,164,0.013531574,
Gas,27,0.187721969,
Gas,23,0.36450268,
Gas,146,0.00150122,
Gas,1,0.219178082,
Gas,1,3.97260274,
Gas,30,0.014611872,
Gas,4,0.054794521,
Gas,2,4.301369863,
Gas,83,0.074269681,
Gas,68,0.003223207,
Gas,2,1.109589041,
Gas,20,0.010958904,
Gas,2,2.095890411,
Gas,44,2.376712329,
Gas,1175,0.001678811,
Gas,18,0.01217656,
Gas,2,4.849315068,
Gas,57,4.656092286,
Gas,1406,0.000155888,
Gas,4,3.52739726,
Gas,69,0.613857455,
Gas,420,0.004435747,
Gas,2,84.71232877,
Gas,177,0.680287903,
Oil,127,0.503074102,
Gas,43,0.02166295,
Gas,1,9.260273973,
Gas,10,0.739726027,
Gas,7,4.481409002,
Oil,52,1.531085353,
Gas,83,0.010562799,
Oil,4,38.19178082,
Gas,168,0.006523157,
Oil,5,31.69315068,
Gas,210,0.00208741,
Oil,2,3.178082192,
Oil,16,5.886986301,
Gas,136,0.024375504,
Oil,15,1.110502283,
Gas,18,0.136986301,
Oil,8,3.294520548,
Gas,30,1.550684932,
Gas,51,0.063389739,
Gas,5,1.298630137,
Gas,7,0.763209393,
Oil,21,2.013046314,
Gas,51,0.547945205,
Gas,34,0.849315068,
Gas,35,0.085322896,
Gas,4,0.219178082,
Oil,4,12.26712329,
Gas,53,0.052209873,
Gas,3,0.694063927,
Gas,3,0.96803653,
Oil,10,0.093150685,
Gas,1,2.520547945,
Oil,5,0.219178082,
Oil,5,0.553424658,
Gas,3,0.073059361,
Gas,1,2.767123288,
Gas,3,0.310502283,
Oil,1,1.150684932,
Gas,2,0.684931507,
Oil,3,0.292237443,
Oil,4,0.231452055,
Gas,1,3.110714795,
Gas,14,0.130274403,
Gas,5,0.133316329,
Gas,6,0.45364589,
Gas,8,1.369863014,
Gas,48,0.005707763,
Gas,4,0,
Gas,4,3.356164384,
Gas,220,0,
Gas,2,1.369863014,
Gas,6,0.091324201,
Oil,2,19.45205479,
Gas,106,0.015507883,
Oil,14,1.115459883,
Gas,32,0.085616438,
Oil,23,30.26990351,
Gas,120,0,
Oil,0,,
Oil,24,1.609589041,
Oil,180,0.01065449,
Oil,14,0.136986301,
Gas,2,0.00109589,
Oil,4,2.109520137,
Gas,29,0.383093056,
Gas,34,0.054459307,
Gas,4,0.231452055,
Gas,4,0.289315068,
Gas,5,0.185161644,
Gas,5,11.37394942,
Gas,191,0.048471635,
Gas,30,0.147031963,
Gas,17,0.220789686,
Gas,14,0.142857143,
Gas,6,2.835616438,
Gas,64,0.620719178,
Gas,97,0.00564892,
Oil,8,5.547945205,
Gas,128,0.764126712,
Gas,153,1.248097412,
Gas,277,0.000797587,
Oil,1,0,
Gas,0,,
Gas,16,0.248287671,
Gas,39,0.152441166,
Gas,39,0,
Oil,0,,
Gas,0,,
Oil,1188,0,
Oil,0,,
Gas,43,0.495199745,
Gas,75,0.197505753,
Gas,27,0.171445967,
Gas,8,0.925808219,
Gas,12,6.789260274,
Gas,85,0.005199033,
Gas,2,8.795178082,
Gas,28,0.099193738,
Gas,6,6.017753425,
Gas,65,0.24727334,
Oil,121,0.131061678,
Oil,130,0.018762192,
Oil,19,0.011535689,
Oil,1,1.369863014,
Oil,1,288.8493151,
Gas,312,0.053389533,
Gas,18,0.149162861,
Oil,9,0.882800609,
Oil,36,0.050228311,
Oil,5,0.219178082,
Oil,5,1.156164384,
Oil,7,0.227005871,
Oil,4,1.143835616,
Oil,8,0.260273973,
Gas,3,4,
Gas,16,0.303082192,
Gas,6,0.771689498,
Gas,5,0.087671233,
Oil,2,1.849315068,
Gas,4,0.979452055,
Oil,5,0,
Oil,0,,
Oil,2,0.438356164,
Gas,4,0.109589041,
Oil,2,0.465753425,
Oil,1,0.931506849,
Gas,1,0.219178082,
Oil,1,0.220931507,
Oil,1,0.220931507,
Oil,2,112.0227945,
Gas,86,2.336050972,
Gas,12,0.385753425,
Gas,0,,
Gas,1,1.851616438,
Gas,0,,
Oil,60,0.007364384,
Oil,4,0.220931507,
Oil,6,0.147287671,
Oil,8,0.16569863,
Oil,10,0.110465753,
Oil,7,0.132258317,
Gas,1,3.703232877,
Gas,8,3.934684932,
Gas,8,5.439123288,
Gas,82,0.011290344,
Gas,2,0,
Gas,0,,
Gas,0,,
Gas,1,1.851616438,
Gas,2,0,
Gas,2,0.46290411,
Gas,2,1.388712329,
Gas,27,0.016365297,
Oil,4,0,
Gas,0,,
Gas,5,0,
Gas,17,0,
Oil,7,0,
Gas,0,,
Oil,2,10.49424658,
Gas,180,0.045413699,
Gas,99,0.781070984,
Gas,809,0.01693171,
Gas,135,0.345307763,
Gas,382,0.060148892,
Gas,157,0.010470291,
Oil,16,0.239726027,
Gas,9,1.339421613,
Oil,109,0.84956642,
Gas,108,0.032978184,
Oil,31,0.503756076,
Gas,20,0.01369863,
Oil,3,0.091324201,
Oil,1,247.1780822,
Gas,288,0.125380518,
Gas,49,0.264467431,
Gas,15,0.043835616,
Oil,3,0.925808219,
Gas,4,11.80405479,
Gas,37,0.125109219,
Gas,4,0.109589041,
Oil,2,1.547945205,
Oil,7,0.093933464,
Oil,2,0.219178082,
Oil,2,0.273972603,
Oil,2,0.328767123,
Oil,7,0.063123288,
Oil,1,0.883726027,
Oil,5,0.176745205,
Oil,4,0,
Gas,0,,
Oil,4,0.386630137,
Oil,15,0.147287671,
Oil,5,0.044186301,
Oil,0,,
Oil,1,0.220931507,
Gas,2,0.110465753,
Oil,5,0.220047671,
Oil,14,0.142027397,
Gas,3,2.062027397,
Gas,57,0.054070079,
Oil,11,0.261100872,
Oil,18,0.024547945,
Oil,3,1.84109589,
Oil,34,0.064979855,
Oil,9,0.196383562,
Oil,10,0.022093151,
Oil,1,0.220931507,
Oil,3,0,
Oil,6,0.03652968,
Oil,1,7.406465753,
Gas,14,0.330645793,
Gas,14,0.727420744,
Gas,13,0.050984194,
Oil,6,0.036821918,
Oil,2,0.220931507,
Oil,4,0.220931507,
Oil,8,0.082849315,
Oil,6,0.736438356,
Oil,40,0.011046575,
Oil,4,0.938958904,
Oil,34,0.045485898,
Oil,14,0.126246575,
Oil,16,0.013808219,
Oil,2,0.110465753,
Oil,2,0.110465753,
Oil,2,0.110465753,
Oil,2,0.220931507,
Oil,4,0.110465753,
Oil,4,0.055232877,
Oil,2,0.33139726,
Oil,6,0.110465753,
Oil,2,0.110465753,
Oil,2,6.943561644,
Gas,1,36.01183562,
Oil,3,1.234410959,
Gas,3,2.798465753,
Oil,57,0.007751983,
Gas,3,0.617205479,
Gas,4,0.055232877,
Oil,1,0.602739726,
Gas,1,2.2,
Gas,14,0.015655577,
Gas,2,8.032876712,
Gas,107,0.010293176,
Gas,6,0.586757991,
Gas,27,0.048909183,
Gas,8,0.825342466,
Gas,40,0.011027397,
Gas,3,3.081278539,
Gas,63,0.03844314,
Gas,16,0.330136986,
Gas,35,0.389902153,
Gas,96,0.004594749,
Gas,2,0.439726027,
Gas,4,0.718027397,
Gas,15,0.721461187,
Oil,5,0.263013699,
Oil,4,0.925808219,
Gas,8,2.545972603,
Gas,33,0.953863014,
Gas,35,3.227102935,
Gas,158,0.001398301,
Oil,4,1.876712329,
Oil,33,0.140307181,
Gas,5,0.531506849,
Oil,12,0.46347032,
Gas,6,0.296803653,
Oil,8,16.66454795,
Gas,295,0.060080829,
Oil,86,2.475998726,
Gas,287,0.525807455,
Gas,512,0.239114144,
Oil,661,0.249309929,
Gas,412,0.060671898,
Gas,86,0.470451991,
Oil,264,0.178849315,
Gas,157,0.017690603,
Oil,12,0.155251142,
Gas,4,0.232876712,
Gas,2,2.780821918,
Gas,12,2.237442922,
Gas,29,7.182994804,
Gas,224,1.372180039,
Gas,334,7.63678E-07,
Oil,54,7.60528E-06,
Oil,87,3.30657E-07,
Oil,6,3.15525E-05,
Oil,40,9.861961644,
Gas,366,0,
Gas,0,,
Gas,129,0.001712647,
Gas,1,5.081424658,
Gas,31,0.021380468,
Oil,5,0.441863014,
Gas,18,0.152207002,
Gas,5,0.164383562,
Gas,2,10.82191781,
Gas,58,0.495984884,
Gas,66,0.224159402,
Gas,21,0.039138943,
Gas,2,0.410958904,
Gas,1,91.23287671,
Gas,179,1.763220326,
Gas,534,0.136986301,
Gas,112,0.083170254,
Gas,16,0.051369863,
Gas,2,11.78082192,
Gas,48,0.079908676,
Gas,4,5.684931507,
Gas,50,0.147945205,
Gas,10,2.684931507,
Gas,59,1.211980497,
Gas,111,0.565222757,
Gas,131,0.234236118,
Gas,50,0.476712329,
Gas,49,0.301928991,
Gas,27,0.342891933,
Gas,10,1.296131507,
Gas,28,1.488258317,
Gas,45,2.489497717,
Gas,121,0.287558021,
Gas,36,0.135013699,
Oil,67,0.039569822,
Oil,32,0.020712329,
Oil,6,6.326356164,
Gas,67,2.058886935,
Gas,278,0.006660491,
Gas,4,11.87671233,
Oil,215,0.043158713,
Oil,12,0.385753425,
Gas,1,0,
Oil,0,,
Oil,14,2.314520548,
Gas,37,0.075065531,
Gas,4,1.157260274,
Gas,9,1.440146119,
Gas,19,0.023071377,
Gas,3,0.922374429,
Gas,3,0.666666667,
Gas,9,2.307458143,
Oil,94,0.27018362,
Oil,115,0.016200119,
Gas,2,0.925808219,
Gas,1,0.441863014,
Oil,1,2.651178082,
Oil,11,0.040169365,
Oil,1,0.220931507,
Oil,1,0.220931507,
Oil,1,0.441863014,
Oil,2,96.30136986,
Gas,250,0.001753425,
Oil,2,0.767123288,
Oil,7,0.187866928,
Oil,6,0,
Oil,0,,
Oil,0,,
Oil,0,,
Oil,0,,
Oil,0,,
Oil,0,,
Oil,420,0.002204305,
Gas,1,59.20964384,
Oil,279,0.016591545,
Gas,5,0.185161644,
Gas,2,0.220931507,
Gas,4,0.452383562,
Gas,6,0.036821918,
Gas,1,0.220931507,
Oil,3,2.651178082,
Gas,43,0.035965594,
Gas,0,,
Gas,9,0.024547945,
Gas,2,2.651178082,
Gas,26,0.008497366,
Gas,2,0,
Gas,4,0,
Gas,1,0.273972603,
Gas,32,0,
Gas,1,24.88572493,
Oil,43,0.262035043,
Oil,15,2.653240037,
Oil,13,8.070797787,
Oil,51,0.060647865,
Oil,23,0.441863014,
Oil,2,0.220931507,
Oil,1,222.6989589,
Oil,89,0.785970038,
Oil,49,0.031561644,
Oil,3,2.897148493,
Oil,13,0.152952582,
Oil,2,31.29494795,
Oil,132,0.179783402,
Oil,18,3.294100457,
Oil,110,0.323403557,
Oil,35,8.219126967,
Oil,166,0.022625516,
Oil,13,2.042669547,
Oil,19,0.128140274,
Oil,10,17.11962477,
Oil,197,0.392945136,
Oil,144,0.071159817,
Oil,8,0.027616438,
Oil,1,1.564195068,
Oil,7,4.462185205,
Oil,31,0.057014582,
Oil,7,4.229260274,
Oil,54,0.847683409,
Oil,6,0.073643836,
Oil,2,4.166136986,
Gas,6,0.110465753,
Oil,4,1.851616438,
Gas,2,0.110465753,
Oil,1,1.851616438,
Gas,1,30.55167123,
Gas,13,0.498512118,
Gas,4,5.32339726,
Gas,17,0.025991942,
Oil,3,0.30860274,
Gas,1,1.851616438,
Gas,3,0.617205479,
Oil,2,12.49841096,
Gas,10,0.092580822,
Gas,1,6.480657534,
Gas,2,0.925808219,
Gas,3,1.234410959,
Gas,4,0.231452055,
Gas,1,5.554849315,
Gas,3,0.30860274,
Gas,1,10.18389041,
Gas,4,0.055232877,
Oil,2,2.314520548,
Gas,3,6.172054795,
Gas,9,0.073643836,
Oil,2,0.925808219,
Gas,1,16.62246575,
Gas,15,0.073643836,
Oil,3,0.617205479,
Gas,1,2.777424658,
Gas,3,0.515506849,
Oil,5,0.839539726,
Oil,28,0.173589041,
Oil,29,0.030473311,
Oil,5,0.088372603,
Oil,2,0.220931507,
Oil,2,1.325589041,
Oil,14,0.047342466,
Oil,4,0.16569863,
Oil,3,1.17830137,
Oil,7,0.031561644,
Oil,13,0.118963119,
Oil,13,0.016994731,
Oil,2,0.33139726,
Oil,4,0.773260274,
Oil,28,0.276164384,
Oil,47,0,
Oil,0,,
Oil,2,0,
Oil,0,,
Gas,3,0.073059361,
Gas,3,0.293150685,
Gas,10,47.26575342,
Gas,12,0.202520548,
Oil,24,0,
Oil,2,0.220931507,
Gas,3,0.220931507,
Oil,7,0.094684932,
Oil,2,0.441863014,
Gas,0,,
Oil,5,0.088372603,
Oil,2,0.220931507,
Gas,1,0.883726027,
Oil,10,0,
Oil,2,0.220931507,
Gas,2,0.33139726,
Gas,5,0.088372603,
Gas,4,0.276164384,
Gas,5,0.176745205,
Gas,4,2.693154795,
Gas,83,0.039767684,
Gas,26,0.042486828,
Oil,8,0.138082192,
Oil,7,0.296679452,
Oil,18,0.04909589,
Oil,7,15.1702544,
Gas,1,4.131506849,
Oil,13,0.325395153,
Oil,8,0.652054795,
Oil,14,0.38590998,
Oil,15,0.049680365,
Oil,2,0.389041096,
Oil,1,1.676712329,
Oil,5,0.335342466,
Oil,5,0.782465753,
Oil,9,4.173515982,
Oil,202,0.710429947,
Gas,177,0.001547868,
Oil,2,0.547945205,
Oil,16,0.582191781,
Gas,28,0.029354207,
Gas,4,1.164383562,
Gas,10,0.054794521,
Oil,8,0.582191781,
Gas,14,0.019569472,
Oil,4,0.684931507,
Gas,8,0.376712329,
Oil,35,0.133072407,
Gas,13,0.210748156,
Gas,8,0.248547945,
Oil,4,2.927342466,
Gas,56,0.007890411,
Oil,3,0.073643836,
Oil,2,0.994191781,
Oil,6,1.730630137,
Gas,59,0.520499652,
Gas,144,0.139739174,
Gas,95,0.019490699,
Oil,4,0.231452055,
Oil,2,0.46290411,
Gas,2,1.388712329,
Gas,6,1.080109589,
Gas,14,0.066129159,
Gas,2,2.602739726,
Oil,62,0.388864339,
Gas,61,0.018799012,
Oil,5,0.044186301,
Oil,2,0.33139726,
Oil,6,0.147287671,
Oil,7,1.983874755,
Gas,39,0.332279593,
Gas,33,0.006694894,
Oil,2,5.301369863,
Oil,63,0.220917591,
Oil,92,0,
Oil,0,,
Oil,0,,
Gas,10,0.088372603,
Oil,13,0.02719157,
Gas,10,0.740646575,
Oil,419,0.006628698,
Gas,247,0.02623748,
Oil,16,0.143342466,
Gas,11,0.020084682,
Oil,5,0.185161644,
Oil,39,0.040733404,
Gas,11,0.336657534,
Oil,50,0.111096986,
Gas,69,0,
Oil,357,0.007779901,
Gas,395,0.529911566,
Gas,261,0.088175091,
Gas,19,0.187454939,
Oil,14,0.469667319,
Gas,0,,
Oil,4,17.19178082,
Gas,34,9.065269944,
Gas,331,0.004966271,
Oil,9,10.0152207,
Gas,79,8.673487082,
Gas,764,0.003586029,
Oil,4,1.369863014,
Gas,4,3.493150685,
Gas,4,3.424657534,
Oil,14,1.604696673,
Gas,6,0.0456621,
Oil,2,51.64383562,
Gas,179,0.120915283,
Oil,106,0.069785474,
Gas,20,1.671232877,
Gas,76,0.140591204,
Oil,56,0.068493151,
Gas,8,0.102739726,
Gas,2,0.136986301,
Oil,0,,
Oil,4,0.055232877,
Oil,1,0.441863014,
Oil,2,0.46290411,
Gas,2,0.410958904,
Gas,2,1.917808219,
Gas,7,0.039138943,
Oil,3,0.913242009,
Gas,0,,
Oil,3,0.913242009,
Gas,0,,
Gas,12,0.073059361,
Gas,8,0.347178082,
Gas,6,2.931726027,
Gas,33,0.013389788,
Oil,2,12.96131507,
Gas,34,0.012995971,
Oil,2,0.46290411,
Gas,2,0.110465753,
Oil,4,10.64679452,
Gas,64,0.940273973,
Gas,71,0.938847772,
Gas,102,0.002165995,
Oil,1,7.406465753,
Gas,11,0.020084682,
Oil,5,0.044186301,
Oil,2,11.3779726,
Gas,199,0.041077717,
Gas,61,0.043461936,
Gas,33,0.066948941,
Gas,20,0.022093151,
Gas,5,0.044186301,
Oil,3,0.883726027,
Gas,19,0.023255948,
Oil,6,0.33139726,
Gas,28,0.007890411,
Oil,4,2.098849315,
Gas,73,0.057502721,
Gas,38,0.011627974,
Gas,4,19.38673973,
Gas,746,0.000888465,
Gas,5,0.397676712,
Gas,23,0.019211435,
Oil,5,0.839539726,
Gas,42,0.020874103,
Gas,4,0.054794521,
Gas,2,55.71232877,
Gas,527,0.063632346,
Gas,335,0.001962789,
Gas,4,0.438356164,
Gas,9,0.736681887,
Gas,60,0.05890411,
Gas,30,1.059360731,
Gas,660,0.110626816,
Gas,30,0.779908676,
Gas,182,0.001204275,
Gas,2,0.219178082,
Gas,4,0.938356164,
Gas,30,0.007305936,
Gas,2,6.068493151,
Gas,90,0.193607306,
Gas,24,0.220319635,
Oil,20,0.915068493,
Gas,114,0.060081711,
Gas,79,0.005548812,
Gas,8,0.109589041,
Oil,8,8.660958904,
Gas,372,0.002356754,
Oil,4,0.46290411,
Gas,1,2.739726027,
Gas,6,3.835616438,
Gas,33,0.058115401,
Gas,3,0.220931507,
Oil,7,0.031561644,
Oil,3,3.166684932,
Gas,88,0.057743462,
Gas,47,0.352550277,
Gas,187,0.001181452,
Oil,3,2.872109589,
Gas,69,0.003201906,
Oil,3,17.23265753,
Gas,405,0.00218204,
Gas,10,0,
Gas,0,,
Gas,0,,
Gas,0,,
Gas,0,,
Oil,29,0.223334908,
Gas,7,0.031561644,
Oil,6,3.608547945,
Oil,18,0.098928219,
Oil,15,0.412405479,
Oil,5,0.97209863,
Oil,44,1.210102117,
Oil,482,0.053170238,
Oil,10,0.176745205,
Oil,16,0.096657534,
Oil,14,0.315616438,
Oil,116,0.041900803,
Oil,44,0.190804483,
Oil,76,0.084302812,
Oil,58,0.079992442,
Oil,42,0.888986301,
Oil,28,0.007890411,
Oil,2,0.33139726,
Oil,6,4.087232877,
Oil,222,0.038812292,
Oil,54,0.143196347,
Oil,70,0.034717808,
Oil,22,2.108891656,
Oil,420,0.013150685,
Oil,50,0.136977534,
Oil,62,0.096212108,
Oil,238,0.008354553,
Oil,18,0.024547945,
Oil,4,4.805260274,
Oil,174,0.017776098,
Oil,40,0.049709589,
Oil,38,0.024369142,
Gas,3,0.273972603,
Gas,1,26.84931507,
Gas,37,0.007404665,
Oil,2,20.4109589,
Gas,77,0.156555773,
Gas,18,0.0152207,
Oil,2,6.438356164,
Gas,17,0.016116035,
Oil,2,1.917808219,
Gas,5,2.95890411,
Gas,24,0.02283105,
Oil,10,2.02739726,
Gas,38,0.511896179,
Gas,25,0.021917808,
Oil,6,4.611872146,
Gas,42,0.006523157,
Oil,2,12.05479452,
Gas,32,0.025684932,
Gas,1,0.547945205,
Oil,4,62.94520548,
Gas,553,0.001981719,
Oil,10,0.082191781,
Gas,2,0.273972603,
Oil,4,10.20547945,
Gas,63,0.017395086,
Oil,10,0.931506849,
Gas,15,0.01826484,
Oil,2,1.917808219,
Gas,4,0.684931507,
Gas,8,0.136986301,
Oil,10,4.547945205,
Gas,71,0.169785838,
Gas,24,0.011415525,
Oil,2,24.93150685,
Gas,119,0.004604582,
Oil,6,1.232876712,
Gas,10,0.547945205,
Gas,8,3.240328767,
Gas,52,0.015806112,
Gas,1,1.917808219,
Gas,3,6.210045662,
Gas,24,0.079908676,
Gas,2,0.136986301,
Oil,2,0.95890411,
Gas,2,0.136986301,
Oil,3,2.739726027,
Gas,11,0.074719801,
Gas,1,12.03550685,
Gas,13,7.050385669,
Gas,99,1.48690411,
Gas,159,0.45417007,
Gas,78,0.059711978,
Gas,6,0.136986301,
Oil,6,0.0456621,
Oil,1,3.835616438,
Gas,6,4.292237443,
Oil,2,1.383561644,
Gas,4,0.055479452,
Oil,3,27.77424658,
Gas,132,0.126246575,
Gas,24,1.118721461,
Gas,222,0.010947057,
Oil,17,0.012995971,
Oil,4,1.546520548,
Oil,56,0.177534247,
Oil,82,0.002694287,
Oil,2,0.552328767,
Oil,9,0.147287671,
Oil,8,0.093150685,
Oil,2,0.745205479,
Oil,4,0.46290411,
Gas,5,0.441863014,
Oil,19,0.535994232,
Gas,20,0.231452055,
Gas,18,0.05143379,
Gas,2,6.943561644,
Gas,36,0.41147032,
Gas,29,0.007618328,
Oil,1,24.99682192,
Gas,59,0.015691665,
Gas,2,22.68230137,
Gas,100,0.009258082,
Gas,1,10.18389041,
Gas,11,0.084164384,
Gas,1,8.332273973,
Gas,9,0.41147032,
Gas,4,1.157260274,
Gas,6,1.234410959,
Gas,8,0.231452055,
Gas,2,2.777424658,
Gas,6,0.1543379,
Gas,2,0.773150685,
Oil,12,1.774429224,
Gas,40,0.149123288,
Oil,45,0.061710807,
Gas,6,0.1543379,
Gas,1,1.104657534,
Oil,1,1.146739726,
Gas,2,7.974575342,
Oil,140,0.071840313,
Gas,24,0.701808219,
Gas,28,0.220555773,
Oil,19,2.341652487,
Gas,76,0.148533526,
Gas,35,0.399480235,
Oil,72,0.448292237,
Gas,115,0.591986659,
Gas,121,0.117378014,
Oil,41,0.089296358,
Gas,11,4.569743462,
Gas,118,0.123393545,
Oil,69,0.372030971,
Gas,68,0.581755842,
Gas,90,0.632051142,
Oil,120,0.015430137,
Gas,2,3.240328767,
Gas,0,,
Gas,1,2.777424658,
Gas,5,0.044186301,
Oil,2,0.552328767,
Gas,3,0.273972603,
Gas,1,0.821917808,
Gas,1,22.19178082,
Gas,30,0.273972603,
Gas,18,0.97412481,
Gas,30,0.127853881,
Gas,5,0.767123288,
Gas,4,11.78082192,
Gas,86,0.003185728,
Oil,2,21.23287671,
Gas,97,0.067787036,
Gas,11,4.533001245,
Gas,68,0,
Oil,7,0,
Oil,2,0.662794521,
Gas,2,0.220931507,
Oil,4,0,
Oil,1,0.441863014,
Gas,2,0,
Oil,7,0,
Gas,1,0,
Oil,2,1.656986301,
Gas,2,2.319780822,
Gas,7,0,
Oil,2,1.656986301,
Gas,2,0.662794521,
Gas,4,0.49709589,
Oil,21,0.115726027,
Gas,1,1.546520548,
Oil,9,1.02891933,
Oil,6,1.543378995,
Oil,6,0.771689498,
Oil,2,0.110465753,
Oil,2,0.683835616,
Oil,6,0.191123288,
Gas,2,15.32843836,
Oil,104,0.002124341,
Gas,1,53.32657534,
Oil,164,0.139846308,
Gas,69,0.540003971,
Oil,169,0.037286212,
Oil,29,0.094473311,
Oil,13,6.533192835,
Gas,92,0.059559261,
Gas,6,0.150684932,
Gas,1,1.835616438,
Gas,2,0.925808219,
Gas,5,0.370323288,
Gas,5,3.703232877,
Gas,49,0.170046408,
Gas,9,0.20573516,
Gas,4,8.332273973,
Gas,84,0.011021526,
Gas,2,0.46290411,
Gas,2,3.240328767,
Gas,14,0.066129159,
Gas,3,0.294575342,
Oil,6,0.036821918,
Oil,5,0.044186301,
Oil,2,0.441863014,
Oil,13,0.016994731,
Oil,2,0.33139726,
Oil,11,0.020084682,
Oil,5,0.044186301,
Oil,2,28.70005479,
Gas,112,0.041330724,
Gas,11,0.401693649,
Gas,20,0.185161644,
Gas,5,4.073556164,
Gas,60,0.169731507,
Gas,23,1.046565813,
Gas,51,0.290449637,
Gas,24,0.501479452,
Gas,33,0.028054795,
Gas,2,5.091945205,
Gas,26,0.178040042,
Gas,9,0.10286758,
Gas,2,0.46290411,
Gas,3,0.30860274,
Gas,3,4.937643836,
Gas,44,0.042082192,
Gas,5,0.185161644,
Gas,1,4.629041096,
Gas,7,10.05163209,
Gas,214,0.01297862,
Gas,10,0.46290411,
Gas,17,0.599052377,
Gas,17,3.788879936,
Gas,1431,0.000153164,
Gas,1,7.406465753,
Gas,15,0.493764384,
Gas,10,1.94419726,
Gas,25,2.740392329,
Gas,87,0.063848843,
Gas,9,0.10286758,
Gas,2,0.46290411,
Gas,2,0.220931507,
Oil,7,0.661291585,
Gas,9,0.30860274,
Gas,3,2.282958904,
Oil,38,2.338883922,
Gas,117,0.054760801,
Oil,63,0.484947162,
Gas,50,0.167907945,
Oil,58,1.787767596,
Gas,181,0.002441232,
Oil,4,4.860493151,
Gas,31,0.028507291,
Oil,7,0.793549902,
Gas,8,0.110465753,
Oil,9,0.343671233,
Oil,16,0.752219178,
Gas,14,0.284054795,
Oil,33,3.22630137,
Gas,198,0.004675799,
Gas,1,2.777424658,
Gas,4,1.388712329,
Gas,6,0.147287671,
Oil,10,0.092580822,
Gas,3,0.30860274,
Gas,1,8.616328767,
Oil,59,0.941499884,
Gas,73,0.006052918,
Oil,3,5.155068493,
Oil,116,1.229090222,
Gas,231,0.004007828,
Gas,0,,
Oil,5,0.185161644,
Gas,0,,
Gas,1,1.851616438,
Gas,4,0.231452055,
Gas,2,5.554849315,
Gas,14,0.07890411,
Oil,10,1.573873973,
Gas,25,0.017674521,
Oil,3,4.629041096,
Gas,23,0.402525313,
Gas,10,1.94419726,
Gas,21,0.220430528,
Gas,5,0.740646575,
Gas,4,79.24657534,
Gas,155,0.10251878,
Gas,15,0.091324201,
Gas,1,1.917808219,
Gas,2,38.2739726,
Gas,450,0.045601218,
Gas,44,0.021041096,
Gas,1,3.703232877,
Gas,4,1.851616438,
Gas,8,0.810082192,
Gas,7,0.132258317,
Gas,1,21.29358904,
Gas,23,0.345443716,
Gas,36,1.594368341,
Gas,62,0.089262042,
Gas,25,0.204931507,
Gas,20,0.115068493,
Gas,4,0.883561644,
Gas,16,0.303082192,
Gas,22,0.059775841,
Gas,6,0.406392694,
Gas,11,0.01992528,
Gas,1,0.438356164,
Gas,2,0.219178082,
Gas,2,0.109589041,
Gas,1,0.219178082,
Gas,1,0.931506849,
Gas,1,0.219178082,
Gas,1,1.325589041,
Oil,3,0.073643836,
Oil,1,1.851616438,
Gas,4,1.157260274,
Gas,8,0.925808219,
Gas,17,2.17837228,
Gas,58,0.015962211,
Gas,1,1.851616438,
Gas,4,1.620164384,
Gas,14,0.198387476,
Gas,2,0.46290411,
Gas,2,2.314520548,
Gas,14,0.529033268,
Gas,16,0.347178082,
Gas,8,0.115726027,
Gas,2,2.777424658,
Gas,11,0.084164384,
Gas,2,16.20164384,
Gas,54,0.531482496,
Gas,59,1.044743905,
Oil,941,0.000704351,
Oil,4,13.34246575,
Gas,82,0.173404611,
Oil,58,0.498819084,
Oil,48,0.290525114,
Gas,44,0.366127024,
Oil,41,0.265953892,
Gas,27,0.016235413,
Oil,2,4.794520548,
Gas,37,0.035542392,
Oil,6,0.461187215,
Gas,3,0.219178082,
Oil,3,0.310502283,
Gas,1,3.178082192,
Gas,8,0.110465753,
Oil,8,0.248547945,
Oil,15,1.784343781,
Oil,284,0.005445495,
Oil,17,0.012995971,
Oil,3,0.294575342,
Oil,14,0.173589041,
Oil,39,0.107633298,
Oil,48,0.00460274,
Oil,3,16.56986301,
Oil,794,0.003339015,
Oil,44,0.005021171,
Oil,2,0.773260274,
Oil,7,0.031561644,
Oil,2,0.110465753,
Oil,2,0.220931507,
Oil,2,0.220931507,
Oil,8,0.662794521,
Oil,48,0.013808219,
Oil,9,0.024547945,
Oil,1,18.11638356,
Oil,210,0.00210411,
Oil,4,5.32339726,
Gas,23,0.009605718,
Oil,2,0.220931507,
Oil,2,0.46290411,
Gas,1,71.28723288,
Gas,81,0.045718924,
Gas,4,12.96154651,
Gas,1,0.220931507,
Oil,1,33.32909589,
Gas,36,0.05143379,
Gas,2,0,
Gas,0,,
Gas,2,0.662794521,
Gas,6,0.662794521,
Oil,0,,
Oil,0,,
Gas,0,,
Gas,0,,
Oil,6,0,
Oil,2,0.136986301,
Oil,2,0.136986301,
Oil,4,7.406465753,
Gas,30,0.709589041,
Gas,23,2.98630137,
Oil,78,0.575342466,
Gas,50,0.263561644,
Gas,15,0.043835616,
Oil,3,1.232876712,
Gas,4,0.897260274,
Oil,13,3.435194942,
Gas,49,0.113502935,
Gas,6,2.776255708,
Oil,18,0.462709285,
Gas,9,0.231354642,
Gas,3,5.246246575,
Gas,17,0.012995971,
Oil,18,0.036821918,
Oil,9,6.848876712,
Gas,44,0.115486924,
Oil,25,0,
Oil,7,0.441863014,
Gas,6,0,
Oil,1,3.976767123,
Gas,1,0.662794521,
Oil,4,0,
Oil,14,0,
Oil,9,0,
Gas,0,,0.02398363
Gas,0,,0.037032329
Gas,0,,0.005142055
Gas,0,,0.018516164
Gas,0,,0.000132244
Gas,0,,3.1137E-05
Gas,0,,1.007592827
Gas,0,,0.01826484
Gas,0,,0.006173516
Gas,0,,0.015342611
Gas,0,,
Gas,0,,0.005715068
Gas,0,,0.136135168
Gas,0,,0.022451854
Gas,0,,0
Gas,0,,
Gas,0,,
Gas,0,,3.11401E-05
Oil,0,,
Oil,0,,
Oil,0,,
Gas,0,,
Gas,0,,
Gas,0,,
Gas,0,,0.003857534
Gas,0,,0.003086027
Gas,0,,0.003471781
Oil,0,,0.013055773
Oil,0,,0.006173516
Oil,0,,
Oil,0,,
Gas,0,,0.023957705
Gas,0,,0.021313584
Gas,0,,0.001919553
Gas,0,,
Gas,0,,0.000134202
Gas,0,,0.004313213
Gas,0,,
Gas,0,,
Gas,0,,
Gas,0,,
Gas,0,,
Gas,0,,
Gas,0,,
Gas,0,,
Gas,0,,
Gas,0,,
Gas,0,,
Gas,0,,
Gas,0,,
Gas,0,,
Gas,0,,
Gas,0,,
Gas,0,,
Gas,0,,
Gas,0,,
Gas,0,,
Gas,0,,
Gas,0,,3.11507E-05
Gas,0,,0.928872329
Gas,0,,0.000842534
Gas,0,,0.020695068
Oil,0,,
Oil,0,,0
Oil,0,,0
Oil,0,,0.00110274
Oil,0,,0.00441863
Oil,0,,0.000828493
Oil,0,,0.003143523
Oil,0,,0.00441863
Oil,0,,0.000193311
Oil,0,,0.006172055
Oil,0,,0
Oil,0,,0.003779843
Oil,0,,0.000722192
Oil,0,,0.001384283
Oil,0,,
Oil,0,,0.001472877
Oil,0,,0.002191781
Oil,0,,0.000417979
Oil,0,,0.002191781
Oil,0,,0.000883726
Oil,0,,0.000945205
Oil,0,,0.006437404
Oil,0,,0.000506131
Oil,0,,0
Oil,0,,0.00441863
Gas,0,,
Gas,0,,
Gas,0,,
Gas,0,,
Gas,0,,
Gas,0,,
Gas,0,,
Gas,0,,
Gas,0,,
Gas,0,,0.004629041
Gas,0,,0.006172055
Gas,0,,0
Gas,0,,0.006172055
Gas,0,,
Gas,0,,0
Gas,0,,0.006172055
Gas,0,,0.013790418
Gas,0,,0.013887123
Gas,0,,0.006172055
Gas,0,,0
Gas,0,,0.011207152
Gas,0,,
Gas,0,,
Gas,0,,0
Gas,0,,0.001815303
Gas,0,,
Gas,0,,0.018520548
Gas,0,,0.005950046
Gas,0,,
Gas,0,,0.006210046
Gas,0,,0.000925753
Gas,0,,0.018520548
Gas,0,,
Gas,0,,0.00647516
Gas,0,,
Gas,0,,
Gas,0,,0.018520548
Gas,0,,
Oil,0,,0.00441863
Oil,0,,0.00441863
Oil,0,,
Oil,0,,
Oil,0,,0.001812123
Oil,0,,
Oil,0,,0.006299314
Oil,0,,0.088062622
Oil,0,,0.005071128
Oil,0,,0.000736438
Oil,0,,0
Oil,0,,0.00349726
Oil,0,,0.00035349
Oil,0,,0.00441863
Oil,0,,0.006449451
Oil,0,,0
Oil,0,,0
Oil,0,,0.002209315
Oil,0,,0.002209315
Oil,0,,0.00023411
Oil,0,,0.008231355
Oil,0,,0.000736438
Oil,0,,0.002958826
Oil,0,,0.00456621
Oil,0,,
Oil,0,,0.000916849
Oil,0,,0.00441863
Oil,0,,0.00441863
Oil,0,,0.000679789
Oil,0,,0.002209315
Oil,0,,
Oil,0,,0.004630137
Oil,0,,
Oil,0,,0.003913894
Oil,0,,0.001893699
Oil,0,,
Gas,0,,0.007937378
Gas,0,,
Gas,0,,0.009258082
Gas,0,,0.003086027
Gas,0,,0.004629041
Gas,0,,0.002661448
Gas,0,,0.006210046
Gas,0,,0.005394795
Gas,0,,0.007034064
Gas,0,,
Gas,0,,
Gas,0,,0.006172055
Gas,0,,
Gas,0,,0.009258082
Gas,0,,0.016657534
Gas,0,,0.004629041
Gas,0,,0.003703233
Gas,0,,0.009258082
Gas,0,,
Gas,0,,
Gas,0,,0.005049863
Gas,0,,0.024840183
Gas,0,,0
Gas,0,,0.018516164
Gas,0,,0.007452055
Gas,0,,0.018516164
Gas,0,,0.018983379
Gas,0,,
Gas,0,,
Gas,0,,0.009315068
Gas,0,,0.039138943
Gas,0,,0.003366575
Gas,0,,0.009258082
Gas,0,,0
Gas,0,,0.016857055
Gas,0,,0
Gas,0,,
Gas,0,,0
Gas,0,,0.02063
Gas,0,,
Gas,0,,0.02739726
Gas,0,,0
Gas,0,,0.018516164
Gas,0,,0.014261879
Gas,0,,0.017281753
Gas,0,,0.02739726
Gas,0,,0
Oil,0,,
Oil,0,,
Oil,0,,
Oil,0,,
Oil,0,,
Oil,0,,
Oil,0,,
Oil,0,,
Oil,0,,
Gas,0,,0.009258082
Gas,0,,
Gas,0,,0
Gas,0,,
Gas,0,,
Gas,0,,
Gas,0,,
Gas,0,,
Gas,0,,
Gas,0,,0
Gas,0,,
Gas,0,,
Gas,0,,
Gas,0,,
Gas,0,,
Gas,0,,0.239950457
Gas,0,,
Gas,0,,
Gas,0,,
Gas,0,,0.044952192
Gas,0,,0.182869135
Gas,0,,
Gas,0,,
Gas,0,,0.019315753
Gas,0,,
Gas,0,,
Gas,0,,
Gas,0,,
Gas,0,,
Gas,0,,0.019315753
Gas,0,,0.02739726
Gas,0,,0.020547945
Gas,0,,0
Gas,0,,0
Gas,0,,0.10301726
Gas,0,,
Gas,0,,
Gas,0,,0.01369863
Gas,0,,
Gas,0,,
Gas,0,,0.02739726
Gas,0,,0
Gas,0,,
Gas,0,,0.019569472
Gas,0,,
Gas,0,,
Gas,0,,0
Gas,0,,0
Gas,0,,0.008584749
Gas,0,,0
Gas,0,,
Gas,0,,0.042923836
Gas,0,,0.016438356
Gas,0,,0.009258082
Gas,0,,0.007406466
Gas,0,,0
Gas,0,,0.018516164
Gas,0,,0.006172055
Gas,0,,
Gas,0,,0.009315068
Gas,0,,0
Gas,0,,
Gas,0,,0
Gas,0,,
Gas,0,,0.009258082
Gas,0,,0.009258082
Gas,0,,
Gas,0,,
Gas,0,,
Gas,0,,0
Gas,0,,0.007596375
Gas,0,,0.01369863
Gas,0,,
Gas,0,,
Gas,0,,
Gas,0,,
Gas,0,,0
Gas,0,,
Gas,0,,
Gas,0,,0.021099178
Gas,0,,0.018520548
Gas,0,,0
Gas,0,,0.000755616
Gas,0,,0
Gas,0,,0.02739726
Gas,0,,0
Gas,0,,0
Gas,0,,
Gas,0,,0
Oil,0,,
Oil,0,,
Oil,0,,
Oil,0,,
Oil,0,,
Oil,0,,0.02739726
Oil,0,,
Oil,0,,
Oil,0,,0
Oil,0,,
Oil,0,,
Oil,0,,0.004503659
Oil,0,,
Oil,0,,
Oil,0,,
Oil,0,,0.015655577
Oil,0,,0.00429242
Gas,0,,
Gas,0,,
Gas,0,,
Gas,0,,
Gas,0,,
Gas,0,,0.003921758
Gas,0,,
Gas,0,,
Oil,0,,
Oil,0,,0.002456621
Oil,0,,0.00136411
Oil,0,,0.010721357
Oil,0,,0.004410959
Oil,0,,0.001626866
Oil,0,,0.002297945
Oil,0,,0.001961322
Oil,0,,0.002216712
Oil,0,,0.002444977
Oil,0,,
Oil,0,,0.004410959
Oil,0,,0.001767452
Oil,0,,0.002251233
Gas,0,,
Oil,0,,
Oil,0,,0.00502272
Oil,0,,0.011043387
Oil,0,,0.005041505
Oil,0,,
Oil,0,,
Oil,0,,
Oil,0,,0.001929795
Oil,0,,
Oil,0,,
Oil,0,,
Oil,0,,
Oil,0,,
Gas,0,,0
Gas,0,,0.018524083
Gas,0,,
Gas,0,,0
Gas,0,,0.005819361
Gas,0,,0.020071679
Gas,0,,0.004065753
Gas,0,,0.005954932
Gas,0,,0.004761298
Gas,0,,0.006173516
Gas,0,,
Gas,0,,0.031436785
Gas,0,,0.018768702
Gas,0,,0.004470477
Gas,0,,0
Gas,0,,0.00886382
Gas,0,,0.002168709
Gas,0,,0.018872244
Gas,0,,0.021452055
Gas,0,,0.004790534
Gas,0,,0.012884082
Gas,0,,0.004723666
Gas,0,,0.028187838
Gas,0,,0.017481412
Gas,0,,0.019068493
Oil,0,,0
Oil,0,,0
Oil,0,,0.025249315
Oil,0,,0.003143523
Oil,0,,0
Oil,0,,0.018516164
Oil,0,,0
Oil,0,,0
Oil,0,,0.001917808
Oil,0,,0.009258082
Oil,0,,0
Oil,0,,0.006172055
Gas,0,,
Gas,0,,0.000128562
Gas,0,,
Gas,0,,0.008561644
Gas,0,,
Gas,0,,
Gas,0,,0
Gas,0,,
Gas,0,,0.007305936
Gas,0,,
Gas,0,,
Gas,0,,
Gas,0,,0.004367906
Gas,0,,6.26027E-05
Gas,0,,0.005763151
Gas,0,,
Gas,0,,
Gas,0,,0
Gas,0,,0
Gas,0,,
Gas,0,,
Gas,0,,
Gas,0,,0.005143379
Gas,0,,0.001561187
Gas,0,,0.001060274
Gas,0,,
Gas,0,,
Gas,0,,0.005554849
Gas,0,,
Gas,0,,0.001764384
Gas,0,,
Gas,0,,
Gas,0,,
Gas,0,,0
Gas,0,,5.69863E-05
Gas,0,,0.006915786
Gas,0,,
Gas,0,,0
Gas,0,,0
Gas,0,,
Gas,0,,0.000307513
Gas,0,,
Gas,0,,
Gas,0,,
Gas,0,,0
Gas,0,,0
Gas,0,,
Gas,0,,0.009784736
Gas,0,,0
Gas,0,,
Gas,0,,
Gas,0,,0.018520548
Gas,0,,
Gas,0,,
Gas,0,,0.022283105
Gas,0,,0.018045168
Gas,0,,0.018520548
Gas,0,,
Oil,0,,0.006849315
Oil,0,,0.002205479
Gas,0,,0.02739726
Gas,0,,0.024296678
Gas,0,,0.01826484
Gas,0,,0.008178287
Gas,0,,0.061091233
Gas,0,,0.009190774
Gas,0,,0.01369863
Gas,0,,0.037023325
Gas,0,,0.02049637
Gas,0,,0.025449273
Gas,0,,0.010360309
Gas,0,,0.010529526
Gas,0,,0.045734795
Gas,0,,0
Oil,0,,0.008219178
Oil,0,,0.002577534
Oil,0,,0.00608828
Oil,0,,0.018995434
Oil,0,,0.002047945
Oil,0,,0.019795243
Oil,0,,0
Oil,0,,
Oil,0,,0
Oil,0,,0.003291918
Oil,0,,0.007364384
Oil,0,,0
Oil,0,,0.003656712
Oil,0,,0
Oil,0,,0.010958904
Oil,0,,
Oil,0,,0
Oil,0,,
Oil,0,,0.004410959
Oil,0,,0
Oil,0,,0.002205479
Oil,0,,0.002773425
Oil,0,,0
Oil,0,,0.00608828
Oil,0,,0.003506087
Oil,0,,0.019076611
Oil,0,,0.020037023
Oil,0,,0.001735081
Oil,0,,
Oil,0,,0
Oil,0,,0.021917808
Gas,0,,0
Oil,0,,0
Oil,0,,0.010093727
Oil,0,,0.006583744
Oil,0,,0.002528376
Oil,0,,0.004109589
Oil,0,,0.004410959
Oil,0,,0.00913242
Oil,0,,0.001260274
Oil,0,,0.000849954
Oil,0,,0.000508798
Oil,0,,0
Oil,0,,0.002205479
Oil,0,,0.003291918
Oil,0,,0
Oil,0,,
Oil,0,,0.006849315
Oil,0,,0.00609863
Oil,0,,
Oil,0,,
Oil,0,,0
Oil,0,,0
Oil,0,,0
Oil,0,,0.002283105
Oil,0,,0.006849315
Oil,0,,0
Oil,0,,0.00169863
Oil,0,,0.003424658
Oil,0,,0.004410959
Oil,0,,0.001956947
Oil,0,,0.00147032
Oil,0,,0.001677557
Oil,0,,0.000523425
Oil,0,,0.002283105
Oil,0,,0
Oil,0,,
Oil,0,,0.005479452
Oil,0,,0.002940639
Oil,0,,3.23288E-05
Oil,0,,
Oil,0,,0.004410959
Oil,0,,0.00147032
Oil,0,,0.00184895
Oil,0,,
Oil,0,,0.032876712
Oil,0,,0
Oil,0,,
Oil,0,,0
Oil,0,,
Oil,0,,
Oil,0,,0.005479452
Oil,0,,0.00913242
Oil,0,,0.003424658
Oil,0,,0.004410959
Oil,0,,0.00147032
Oil,0,,0.001288329
Oil,0,,0
Gas,0,,0.003424658
Gas,0,,0.054794521
Gas,0,,0.01369863
Gas,0,,
Gas,0,,0.010273973
Gas,0,,0
Gas,0,,0
Gas,0,,
Gas,0,,
Gas,0,,
Gas,0,,
Oil,0,,
Oil,0,,0.002614932
Oil,0,,
Oil,0,,0.002615
Oil,0,,0.004410959
Oil,0,,11.78082192
Oil,0,,0.00261499
Oil,0,,
Oil,0,,
Gas,0,,0.018516164
Gas,0,,0
Gas,0,,6.09002E-06
Gas,0,,0.019391929
Gas,0,,0.050346823
Gas,0,,0.007209805
Gas,0,,0.018516164
Gas,0,,0.014547218
Gas,0,,0.006481558
Oil,0,,0.000865177
Oil,0,,0
Oil,0,,0
Oil,0,,
Oil,0,,0
Oil,0,,0.01369863
Oil,0,,0
Oil,0,,0
Oil,0,,
Oil,0,,
Oil,0,,0.002216712
Oil,0,,0
Oil,0,,0.005513151
Oil,0,,0.001852939
Oil,0,,0
Oil,0,,
Oil,0,,0
Oil,0,,0.001244932
Oil,0,,0
Oil,0,,0
Oil,0,,0.067123288
Oil,0,,0.002691941
Oil,0,,0
Oil,0,,0
Oil,0,,1.14407E-05
Oil,0,,0
Oil,0,,0.01369863
Oil,0,,0.00022
Oil,0,,0
Oil,0,,0
Oil,0,,
Oil,0,,0
Oil,0,,0
Oil,0,,
Oil,0,,0.00913242
Oil,0,,0.00456621
Oil,0,,0.019330187
Oil,0,,0
Oil,0,,0
Oil,0,,0.404109589
Oil,0,,0
Oil,0,,0
Oil,0,,0
Oil,0,,0.020524727
Oil,0,,0
Oil,0,,0
Oil,0,,0.02739726
Oil,0,,
Oil,0,,0.083610715
Gas,0,,
Gas,0,,0
Gas,0,,0
Gas,0,,
Gas,0,,0.016438356
Gas,0,,0.009260274
Oil,0,,0
Oil,0,,0.00421135
Oil,0,,0.007492055
Oil,0,,0
Oil,0,,0.00214974
Oil,0,,0
Oil,0,,0.114468858
Oil,0,,0
Oil,0,,0
Oil,0,,
Oil,0,,
Oil,0,,0.019569472
Oil,0,,
Oil,0,,0.00399863
Oil,0,,0.00161213
Oil,0,,0
Oil,0,,0
Oil,0,,0.007827789
Oil,0,,0
Oil,0,,0
Oil,0,,0.011238082
Oil,0,,0
Oil,0,,
Oil,0,,0
Oil,0,,0
Oil,0,,0
Oil,0,,0.014984079
Oil,0,,
Oil,0,,0.002054795
Oil,0,,0
Oil,0,,
Oil,0,,
Oil,0,,0
Oil,0,,0
Oil,0,,0
Oil,0,,0.020547945
Oil,0,,
Oil,0,,0.011485849
Oil,0,,0
Oil,0,,0.0096721
Oil,0,,0.003684932
Oil,0,,
Oil,0,,0
Oil,0,,0
Oil,0,,0.003908257
Oil,0,,0.011238082
Oil,0,,
Oil,0,,0.001407223
Oil,0,,
Oil,0,,0
Oil,0,,0.02739726
Oil,0,,0.00913242
Oil,0,,0.005768437
Oil,0,,0
Oil,0,,0
Oil,0,,
Oil,0,,0.003038682
Oil,0,,0
Oil,0,,0.273972603
Oil,0,,
Oil,0,,0.108634475
Oil,0,,
Oil,0,,0
Oil,0,,0
Oil,0,,0.002216712
Oil,0,,
Oil,0,,0.002474521
Oil,0,,
Oil,0,,0.003945205
Gas,0,,
Gas,0,,0
Gas,0,,0.036880927
Gas,0,,0
Gas,0,,0.001969559
Gas,0,,0.019750575
Gas,0,,0.018516164
Gas,0,,0.01826484
Gas,0,,
Gas,0,,0.001636225
Gas,0,,0
Gas,0,,
Gas,0,,0.000971797
Gas,0,,0
Gas,0,,
Gas,0,,0.002203523
Oil,0,,0.000494521
Oil,0,,0.00245242
Oil,0,,0
Oil,0,,
Oil,0,,
Oil,0,,0
Oil,0,,0
Oil,0,,
Oil,0,,0.003780532
Oil,0,,2.420091324
Oil,0,,0.02739726
Oil,0,,0
Oil,0,,0
Oil,0,,0.004421918
Oil,0,,0.020977699
Oil,0,,
Oil,0,,0
Oil,0,,0
Oil,0,,0
Oil,0,,0.003669871
Oil,0,,0
Oil,0,,0.00183379
Oil,0,,0.00304414
Oil,0,,0
Oil,0,,0.006172055
Oil,0,,0
Oil,0,,0.003474471
Oil,0,,0
Oil,0,,0
Oil,0,,0
Oil,0,,0.006172055
Gas,0,,0
Gas,0,,0
Gas,0,,0.001660274
Gas,0,,0.018516164
Gas,0,,0
Gas,0,,0.018520548
Oil,0,,
Oil,0,,0.002205479
Oil,0,,
Oil,0,,
Oil,0,,
Oil,0,,0.009260274
Oil,0,,0
Oil,0,,
Oil,0,,0.001104658
Oil,0,,0.004283757
Oil,0,,0
Oil,0,,0.004410959
Oil,0,,
Oil,0,,0.006173516
Oil,0,,
Oil,0,,
Oil,0,,
Oil,0,,
Oil,0,,0
Oil,0,,0.004630137
Oil,0,,
Oil,0,,
Oil,0,,
Oil,0,,0.001405205
Oil,0,,
Oil,0,,0.009260274
Oil,0,,
Oil,0,,0
Oil,0,,
Oil,0,,0.004410959
Oil,0,,
Oil,0,,
Oil,0,,0.009260274
Oil,0,,
Oil,0,,
Oil,0,,
Oil,0,,
Oil,0,,0.001288767
Oil,0,,
Oil,0,,
Oil,0,,0.001700369
Oil,0,,0
Oil,0,,
Oil,0,,
Oil,0,,
Oil,0,,
Oil,0,,
Oil,0,,0.004410959
Oil,0,,
Oil,0,,
Oil,0,,
Oil,0,,0
Oil,0,,
Oil,0,,0
Oil,0,,0.000442009
Oil,0,,
Oil,0,,
Oil,0,,
Oil,0,,
Oil,0,,0.001764384
Oil,0,,0.004365589
Oil,0,,
Oil,0,,
Oil,0,,
Oil,0,,0.001472877
Oil,0,,0.009573699
Oil,0,,0.005265646
Oil,0,,0
Oil,0,,
Oil,0,,
Oil,0,,
Oil,0,,0.004410959
Oil,0,,
Oil,0,,
Oil,0,,
Oil,0,,
Oil,0,,0.001472877
Oil,0,,0.001472877
Oil,0,,
Oil,0,,0.006173516
Oil,0,,0
Oil,0,,
Oil,0,,
Oil,0,,
Oil,0,,
Oil,0,,
Gas,0,,0.011465753
Gas,0,,0.004410959
Gas,0,,0.018520548
Gas,0,,
Gas,0,,0.018520548
Gas,0,,
Gas,0,,
Oil,0,,0.004410959
Oil,0,,0.017351598
Oil,0,,0.0027126
Oil,0,,0.004410959
Oil,0,,0.00456621
Oil,0,,0.00456621
Oil,0,,0.004410959
Gas,0,,
Gas,0,,
Gas,0,,
Gas,0,,
Gas,0,,0.00456621
Gas,0,,
Gas,0,,
Gas,0,,0.009589041
Gas,0,,0.005291585
Gas,0,,0.042808219
Gas,0,,0
Gas,0,,
Oil,0,,0
Oil,0,,
Gas,0,,
Gas,0,,
Gas,0,,0
Gas,0,,0
Gas,0,,
Gas,0,,
Gas,0,,0
Oil,0,,
Oil,0,,0.001439589
Gas,0,,0.0304414
Gas,0,,0.01826484
Gas,0,,0.091324201
Gas,0,,
Oil,0,,0.005456986
Oil,0,,0.002080805
Oil,0,,0.02739726
Oil,0,,0
Gas,0,,0
Gas,0,,0
Gas,0,,0
Gas,0,,0
Gas,0,,0
Gas,0,,0.684931507
Gas,0,,0
Gas,0,,0
Gas,0,,0
Oil,0,,0
Oil,0,,0
Oil,0,,0.000946451
Oil,0,,0
Oil,0,,0.002856621
Oil,0,,0.017722614
Oil,0,,0.002426889
Oil,0,,0.013280075
Oil,0,,0.002651172
Oil,0,,0.00444025
Gas,0,,0
Gas,0,,0.039138943
Gas,0,,0.001914703
Gas,0,,0.021452055
Gas,0,,0
Gas,0,,0
Gas,0,,0.020835616
Gas,0,,0
Gas,0,,0
Oil,0,,0.057442192
Gas,0,,0.222193973
Oil,0,,0.068493151
Oil,0,,0
Gas,0,,
Gas,0,,0.00350137
Gas,0,,
Gas,0,,
Gas,0,,0.018520548
Gas,0,,
Gas,0,,
Gas,0,,
Gas,0,,
Gas,0,,0.000503219
Gas,0,,0.273972603
Gas,0,,
Gas,0,,
Gas,0,,
Gas,0,,
Gas,0,,
Gas,0,,0.018520548
Gas,0,,
Gas,0,,
Gas,0,,
Gas,0,,0.00147032
Gas,0,,
Gas,0,,
Gas,0,,
Gas,0,,0.006173516
Gas,0,,0
Gas,0,,
Gas,0,,
Gas,0,,
Gas,0,,
Gas,0,,
Gas,0,,
Gas,0,,0.018520548
Gas,0,,0.00147032
Gas,0,,
Gas,0,,
Gas,0,,
Gas,0,,
Gas,0,,
Gas,0,,
Gas,0,,0
Gas,0,,
Gas,0,,
Gas,0,,0.018520548
Gas,0,,
Gas,0,,
Gas,0,,0
Gas,0,,0.006849315
Gas,0,,0.018520548
Gas,0,,0.273972603
Gas,0,,
Gas,0,,
Gas,0,,
Gas,0,,
Gas,0,,
Gas,0,,
Gas,0,,
Gas,0,,
Gas,0,,
Gas,0,,
Gas,0,,0
Gas,0,,
Gas,0,,
Gas,0,,
Gas,0,,
Gas,0,,
Gas,0,,
Gas,0,,0.018520548
Gas,0,,
Gas,0,,
Gas,0,,
Gas,0,,0
Gas,0,,0.018520548
Gas,0,,0.016438356
Gas,0,,0.00907194
Gas,0,,0.018520548
Gas,0,,0.01369863
Gas,0,,0.013347383
Gas,0,,0.013495108
Gas,0,,0.01369863
Oil,0,,
Oil,0,,0.001472877
Oil,0,,
Oil,0,,0.00110274
Oil,0,,0
Oil,0,,0.007732603
Oil,0,,0.003983208
Oil,0,,
Oil,0,,
Oil,0,,0.008284932
Oil,0,,
Oil,0,,0.001867849
Oil,0,,0.001440789
Gas,0,,
Gas,0,,
Gas,0,,
Gas,0,,
Gas,0,,0.00332681
Gas,0,,0.00456621
Gas,0,,0.02233863
Gas,0,,0.000122329
Gas,0,,0.00110274
Gas,0,,0
Gas,0,,0.01393081
Gas,0,,0
Gas,0,,0
Gas,0,,
Gas,0,,
Gas,0,,
Gas,0,,
Gas,0,,
Gas,0,,
Gas,0,,0.018520548
Gas,0,,
Gas,0,,
Gas,0,,
Gas,0,,0.00147032
Gas,0,,
Gas,0,,
Gas,0,,
Gas,0,,
Gas,0,,
Gas,0,,0.001648161
Gas,0,,0.034246575
Gas,0,,0
Gas,0,,
Gas,0,,
Gas,0,,
Gas,0,,0.018520548
Gas,0,,
Gas,0,,
Gas,0,,
Gas,0,,
Gas,0,,
Gas,0,,
Gas,0,,
Gas,0,,0
Gas,0,,0.04358655
Gas,0,,0
Gas,0,,
Gas,0,,0.003388609
Gas,0,,0.002107482
Gas,0,,
Gas,0,,0.102739726
Gas,0,,
Gas,0,,
Gas,0,,
Gas,0,,
Gas,0,,0.012151233
Gas,0,,0.002205479
Gas,0,,0.0124533
Gas,0,,
Gas,0,,0
Gas,0,,
Gas,0,,
Gas,0,,
Gas,0,,
Gas,0,,
Gas,0,,
Gas,0,,
Gas,0,,
Gas,0,,
Gas,0,,0.002278539
Gas,0,,0.032232071
Gas,0,,
Gas,0,,
Gas,0,,0
Gas,0,,
Gas,0,,0.005175038
Gas,0,,
Gas,0,,0.08064
Gas,0,,0.002205479
Gas,0,,0.008058018
Gas,0,,
Gas,0,,0
Gas,0,,0
Gas,0,,0.001212329
Gas,0,,0.010726027
Gas,0,,0.0110696
Oil,0,,0
Oil,0,,
Gas,0,,
Gas,0,,0.027589041
Gas,0,,
Gas,0,,
Oil,0,,0
Oil,0,,0.211221761
Gas,0,,
Gas,0,,0.022071288
Gas,0,,
Gas,0,,
Oil,0,,0.003352055
Gas,0,,0.048173516
Gas,0,,0
Oil,0,,
Gas,0,,0.099626401
Gas,0,,0.087065369
Gas,0,,0.005551868
Gas,0,,0.004214264
Gas,0,,0.00913098
Gas,0,,0.02476537
Gas,0,,
Gas,0,,0.080236712
Gas,0,,0.033560548
Gas,0,,0.01826484
Gas,0,,0.005707763
Gas,0,,0
Oil,0,,0.013261836
Oil,0,,0
Oil,0,,0.00110274
Oil,0,,0
Oil,0,,0
Oil,0,,0
Oil,0,,0
Oil,0,,0.002205479
Oil,0,,0.00147032
Oil,0,,0.099170172
Oil,0,,0
Oil,0,,0
Oil,0,,0
Oil,0,,0
Gas,0,,
Oil,0,,
Oil,0,,
Oil,0,,
Oil,0,,
Oil,0,,
Oil,0,,
