O/G,n_VENT,TB_VRU,TB_VENT,TB_FLARE,TB_DUMP,n_DUMP
Oil,0,0.161917808,,,,0
Oil,0,0.229178082,,,,0
Gas,2,,1.360273973,,,0
Gas,2,,0.854794521,,,0
Gas,2,,0.921917808,,,0
Gas,2,,1.406849315,,,0
Gas,0,,,0.02114471,,0
Gas,0,0,,0.000968904,,0
Gas,0,0,,0.001020594,,0
Gas,0,0,,0.000783927,,0
Gas,0,0,,0.001288402,,0
Gas,0,0,,0.001032466,,0
Gas,0,0,,0.002168767,,0
Gas,0,0,,0.010191404,,0
Gas,0,0,,0.008160856,,0
Gas,0,0,,0.010663185,,0
Gas,0,,,,,0
Gas,0,,,,,0
Gas,0,0,,0.007222877,,0
Gas,0,0,,0.003531142,,0
Gas,0,0,,0.003725845,,0
Gas,0,0,,0.004163219,,0
Gas,0,0,,0.004722432,,0
Gas,0,0,,0.006359178,,0
Gas,0,0,,0.005004966,,0
Gas,0,0,,0.005437021,,0
Gas,0,0,,0.005832557,,0
Gas,0,0,,0.006739178,,0
Gas,0,0,,0.006296758,,0
Gas,0,0,,0.005095023,,0
Gas,0,0,,0.001151644,,0
Gas,0,0,,0.00085874,,0
Gas,0,0,,0.00061274,,0
Gas,0,,,,,0
Gas,0,,,0.001456438,,0
Gas,0,,,,,0
Gas,0,,,,,0
Gas,0,0.010273973,,,,0
Gas,0,0.073059361,,,,0
Gas,0,0.060273973,,,,0
Gas,0,,,0.059051059,,0
Gas,0,0,,0.013046314,,0
Gas,0,0.001872403,,,,0
Gas,0,,,0.017321315,,0
Gas,3,,0.812785388,,,0
Gas,0,0,,0.223696758,,0
Gas,1,,0.383561644,,,0
Gas,0,0,,0.001161233,,0
Gas,0,0.093150685,,,,0
Gas,0,0.04437211,,0.06536126,,0
Gas,0,,,0.025169744,,0
Gas,0,,,0.031067609,,0
Gas,0,,,0.041948248,,0
Gas,0,0,,0.018732877,,0
Gas,0,,,0.070427051,,0
Gas,0,,,0.540676027,,0
Gas,0,,,0.106118411,,0
Gas,0,,,0.001157436,,0
Gas,0,,,0.357330502,,0
Gas,0,,,3.654401461,,0
Gas,0,,,0.215951416,,0
Gas,0,,,0.757751507,,0
Gas,0,,,1.399704612,,0
Gas,0,,,1.718554201,,0
Gas,0,,,0.835036952,,0
Gas,0,,,0.339534247,,0
Gas,0,,,0.002317192,,0
Gas,0,0,,0.646028865,,0
Gas,0,0,,,,0
Gas,0,,,0.004734269,,0
Gas,0,0,,0.003106265,,0
Oil,0,,,0.259329239,,0
Oil,0,,,1.255027689,,0
Oil,0,,,0.808219178,,0
Oil,0,,,0.124232404,,0
Oil,0,,,0.936073059,,0
Oil,24,,1.581100457,0.043353555,,0
Oil,0,,,0.051287671,,0
Oil,8,,4.129986301,0.063930219,,0
Gas,0,,,0.076604962,,0
Gas,0,0,,0.002018265,,0
Gas,0,,,2.322635822,,0
Gas,0,,,0.165465708,,0
Gas,0,,,4.494747854,,0
Gas,0,,,0.030129331,,0
Gas,0,0,,0.000750685,,0
Gas,0,,,0.184226301,,0
Gas,0,0,,0,,0
Gas,0,,,0.047889986,,0
Gas,0,,,1.55001771,,0
Gas,0,0,,0.021193699,,0
Gas,0,,,,,0
Gas,0,,,,,0
Gas,0,,,,,0
Gas,0,,,1.635832813,,0
Gas,0,,,,,0
Gas,1,,1.589041096,,,0
Gas,2,,0.992361918,,,0
Gas,2,,1.895890411,,,0
Gas,2,,4.673972603,,,0
Gas,3,,2.809061918,0.141635129,,0
Gas,2,,5.210067945,0.046416575,,0
Oil,8,,18.26085627,,,0
Oil,10,,0.600841863,,,0
Oil,8,,0.596199966,,,0
Oil,9,,0.143535951,,,0
Oil,0,,,0.182648402,,0
Oil,4,,0.53410226,,,0
Oil,0,,,0.010262557,,0
Oil,0,26.5145065,,0.909726027,,0
Oil,2,0,16.43835616,0.163517245,,0
Oil,38,,1.409281903,0.045898292,,0
Oil,0,,,0.015593607,,0
Oil,2,,0,,,0
Oil,0,,,0.315616438,,0
Oil,0,,,0.058708415,,0
Oil,0,,,0.165385616,,0
Oil,0,,,0.011576027,,0
Oil,4,,0.262260274,,,0
Oil,2,,0.813150411,,,0
Oil,12,,120.5639269,,,0
Oil,16,,20.17636986,,,0
Oil,4,,0.345153288,,,0
Oil,2,,2.465753425,,,0
Oil,15,,1.695998721,0.230518542,,0
Oil,3,,0.201506849,,,0
Oil,2,0.151643836,10.63671233,0.073954927,,0
Oil,39,,0.048472076,,,0
Oil,0,,,0.006062932,,0
Oil,4,0.001004566,0.303639178,0.024824818,,0
Oil,7,,0.264549159,,,0
Oil,0,,,0.342465753,,0
Oil,2,,2.887024932,0.335894458,,0
Oil,0,,,0.042699137,,0
Oil,250,,0.243178082,0.001118256,,0
Oil,186,,0.259537487,,,0
Oil,10,,0.08043274,,,0
Oil,11,,3.362390989,,,0
Oil,15,,0.231137352,,,0
Oil,0,,,0.005002329,,0
Oil,0,,,141.4246575,,0
Oil,0,,,0.114153558,,0
Oil,10,,0.084630137,,,0
Oil,17,,4.934730056,,,0
Oil,16,,1.820325361,,,0
Oil,7,,0.098878943,0.006854307,,0
Oil,7,,1.184569902,,,0
Oil,1,,0,0.360105936,,0
Oil,2,,0.417852192,,,0
Oil,0,0,,0.109431781,,0
Oil,1,,0.706776164,,,0
Oil,0,,,0.100183232,,0
Oil,0,1.806973848,,0.839634703,,0
Oil,0,0,,0,,0
Oil,0,0,,1.803454437,,0
Oil,0,,,0.008805479,,0
Oil,0,,,0.518413709,,0
Oil,0,,,0.029247452,,0
Oil,174,0,1.548691387,0.235168079,,0
Oil,0,,,,,0
Oil,0,,,0.010073014,,0
Oil,0,,,0.004168297,,0
Oil,4,,1.328767123,0.030969414,,0
Oil,0,0,,0.005750479,,0
Oil,0,,,0.015857002,,0
Oil,0,,,0.117372673,,0
Oil,1,,3.295616438,,,0
Oil,4,,1.185175068,,,0
Oil,2,,1.640873699,,,0
Oil,7,,1.848055303,,,0
Oil,0,,,0.116712329,,0
Oil,9,,0.985907549,,,0
Oil,0,,,0.03665064,,0
Oil,0,0.252910959,,0.259904566,,0
Oil,8,,1.157734692,0.06030816,,0
Oil,2,,1.084931507,,,0
Oil,0,,,0.042247945,,0
Oil,0,,,0.04109589,,0
Oil,0,,,0.016932581,,0
Oil,21,,2.963831703,0.047119863,,0
Oil,0,0,,0.017552895,,0
Oil,0,,,0.009813714,,0
Oil,0,,,0.684931507,,0
Oil,8,,0.044520548,,,0
Oil,0,,,0.171084118,,0
Oil,4,,0.79369863,0.027296661,,0
Oil,0,,,0.666666667,,0
Oil,0,,,0.149130818,,0
Oil,0,10.24068493,,0.154091721,,0
Oil,2,0,36.16438356,0.129375951,,0
Oil,0,,,0.237442922,,0
Oil,0,,,0.00761035,,0
Oil,0,0.938215068,,,,0
Oil,0,0.560493151,,,,0
Oil,0,0,,0.052977774,,0
Oil,4,0,1.246568493,0.000922374,,0
Oil,0,,,0.003561644,,0
Oil,19,,0.372155732,0.187026552,,0
Oil,2,,3.053150685,,,0
Oil,3,,0.20784274,,,0
Oil,3,,0.843839361,,,0
Oil,1,,9.315068493,,,0
Oil,19,0,13.24716653,,,0
Oil,4,,108.130137,,,0
Oil,6,,2.056230822,,,0
Gas,0,,,0.733929247,,0
Gas,0,,,0.018704475,,0
Gas,0,,,0.000283493,,0
Gas,9,,0.365296804,0.007070261,,0
Gas,0,,,0.151898175,,0
Gas,1,,0.129315068,0.113068058,,0
Gas,5,0,0,0,,0
Gas,0,,,0.003616438,,0
Gas,0,,,0.007392021,,0
Gas,1,,4.109589041,,,0
Gas,4,,0.089616438,0.010751712,,0
Gas,0,,,0.068985163,,0
Gas,0,,,0.401753425,,0
Gas,0,,,0.079383875,,0
Gas,7,,0.139804305,0.024657534,,0
Gas,18,,2.820700152,0.055403349,,0
Gas,0,,,0.051504201,,0
Gas,58,,0.037061469,0.03777816,,0
Gas,5,,0.081552822,0.034906675,,0
Gas,3,,1.079712237,0.253823542,,0
Gas,0,0,,0.058559596,,0
Gas,0,0.279671233,,,,0
Gas,0,,,0.00406749,,0
Gas,0,,,,,0
Gas,0,,,0.000756895,,0
Gas,0,,,0.438356164,,0
Gas,3,,0,0,,0
Gas,0,,,0.047160852,,0
Gas,47,,9.424657534,0.184669193,,0
Gas,0,,,0.080522159,,0
Gas,5,,0.010958904,0,,0
Gas,17,,0.617153586,0.196168791,,0
Gas,11,,0.388628917,0.033229229,,0
Gas,12,,0.489919703,0.382359799,,0
Gas,0,,,0.517025955,,0
Gas,0,,,0,,0
Gas,2,,1.762411918,,,0
Gas,4,,3.01369863,,,0
Gas,1,,78.09796959,,,0
Gas,0,,,0.018669521,,0
Gas,8,,0.034246575,,,0
Gas,0,,,0.024226137,,0
Gas,0,,,0.00543074,,0
Gas,0,,,0.053556226,,0
Gas,21,,2.850969602,,,0
Gas,2,,6.748452055,0.156797945,,0
Gas,31,,2.314330446,0.485228219,,0
Gas,2,,8.609319863,,,0
Gas,8,,6.476455514,,,0
Gas,12,,3.851598174,,,0
Gas,2,,7.354932877,,,0
Gas,8,,1.464936541,,,0
Gas,4,,0.583589041,,,0
Gas,3,,1.991068493,,,0
Gas,2,,0.906871233,,,0
Gas,0,,,0.00334623,,0
Gas,34,,2.180487027,,,0
Gas,39,,3.369413144,0.28384137,,0
Gas,0,0,,0.083377626,,0
Gas,3,,131.9171689,1.111767397,,0
Gas,0,,,0.046210046,,0
Gas,2,,0.751528767,,,0
Gas,1,,10.0063937,,,0
Gas,3,0.401826484,5.132420091,,,0
Gas,7,0.384752829,4.403131115,0.022785388,,0
Gas,8,,2.990606233,,,0
Gas,3,,4.715708311,,,0
Gas,21,,4.401826484,,,0
Gas,58,,3.453778975,0.338930342,,0
Gas,2,,0.068575342,,,0
Oil,5,,3.755013699,,,0
Oil,9,,1.912609833,,,0
Oil,1,,236.7123288,,,0
Oil,5,,0.782114192,0.054897306,,0
Oil,2,,4.036438302,0.083030139,,0
Oil,4,,0.263635,,,0
Oil,4,,1.764229247,,,0
Oil,38,,1.467440317,,,0
Oil,0,,,0.030504817,,0
Oil,4,,0.054794521,,,0
Oil,0,,,0.011239726,,0
Oil,0,,,0.084593509,,0
Oil,0,9.511599947,,0.676873489,,0
Oil,3,0,4.657534247,0.065102401,,0
Oil,0,0,,0.611872146,,0
Oil,0,,,0.01369863,,0
Oil,1,0,179.2088753,0.20513062,,0
Oil,0,0,,0.177021319,,0
Oil,0,,,0.199194942,,0
Oil,0,,,0.273972603,,0
Oil,0,,,2.343987823,,0
Oil,10,0,0.548769863,0.023485975,,0
Oil,0,,,0.808560685,,0
Oil,2,,5.205479452,0.136986301,,0
Oil,0,,,0.025163405,,0
Oil,0,,,0.008704041,,0
Oil,8,0,62.02054795,0.134161842,,0
Oil,0,,,0.05303653,,0
Oil,0,0,,0.290715373,,0
Oil,0,0.089421233,,0.027342421,,0
Oil,0,0,,0.085223945,,0
Oil,0,,,0.023019708,,0
Oil,0,,,0.074246575,,0
Oil,0,0,,0.587623996,,0
Oil,2,,0.450706438,,,0
Oil,6,,0.335303379,,,0
Oil,27,,7.56631141,,,0
Oil,0,,,0.012298247,,0
Oil,1,,0.219663014,,,0
Oil,8,,1.494456884,,,0
Oil,4,,0.170963767,,,0
Oil,0,,,0.10686191,,0
Oil,0,,,0.0379654,,0
Oil,2,,0.612744658,,,0
Oil,2,0,1.11709589,0.00730411,,0
Oil,2,,0.273424658,0.038199609,,0
Oil,12,,0.155799087,,,0
Oil,6,,0.176329817,,,0
Oil,0,,,0.081572897,,0
Oil,0,3.090012453,,,,0
Oil,0,,,0.205479452,,0
Oil,2,,1.610958904,,,0
Oil,15,,5.259744292,0,,0
Oil,32,,6.746575342,0.295047418,,0
Oil,0,,,0.035274007,,0
Oil,2,,7.872434247,,,0
Oil,2,,0.835692877,,,0
Oil,0,,,0.010245656,,0
Oil,3,,0.24346137,,,0
Oil,0,,,0.186913022,,0
Oil,0,0,,0.114155251,,0
Oil,4,,6.589041096,,,0
Oil,0,,,0.017973137,,0
Oil,0,0,,0.071850715,,0
Oil,6,,0.01369863,,,0
Oil,18,,3.888776819,0.064055644,,0
Oil,0,,,0.234833659,,0
Oil,0,,,1.506849315,,0
Oil,20,,0.038356164,0,,0
Oil,6,,0.148675799,,,0
Oil,3,,0.347031963,,,0
Oil,0,,,,,0
Oil,2,,0.964329726,,,0
Oil,0,0,,,,0
Oil,1,,5.123287671,,,0
Oil,4,,0.095890411,,,0
Oil,24,,4.880833305,,,0
Oil,143,,2.667157477,,,0
Oil,0,,,0.389618995,,0
Oil,0,,,0.018655434,,0
Oil,60,,11.31141553,1.746575342,,0
Oil,4,,53.69863014,,,0
Oil,1,,0,,,0
Oil,9,,10.21908696,,,0
Oil,8,,1.165746644,,,0
Oil,10,,26.34024659,,,0
Oil,0,,,0.068493151,,0
Oil,0,,,0.055525114,,0
Oil,0,,,0,,0
Oil,4,,0.842326027,,,0
Oil,2,,1.263039178,0.031322237,,0
Oil,10,,3.107221616,,,0
Oil,34,,1.94743755,,,0
Oil,17,,0.297833505,0.00396089,,0
Oil,1,,1052.60274,,,0
Oil,17,,0.801136986,,,0
Oil,0,,,0.207727917,,0
Oil,4,,0.480547945,,,0
Oil,5,,27.26575342,,,0
Oil,120,,1.904524788,,,0
Oil,0,,,0.009151872,,0
Oil,15,,5.508876709,0.336815341,,0
Oil,0,,,0.037873534,,0
Oil,9,,1.075669132,,,0
Oil,2,,0.175171918,,,0
Oil,5,,35.56849315,,,0
Oil,0,,,0.116806404,,0
Oil,5,,0.602739726,0.068493151,,0
Oil,8,,1.168670479,,,0
Oil,8,,0.750123288,0.032408053,,0
Oil,0,,,0.078538813,,0
Oil,11,,7.783790037,,,0
Oil,5,,3.492821918,,,0
Oil,0,,,0.043013699,,0
Oil,0,0,,0.080084299,,0
Oil,0,,,0.115890411,,0
Oil,0,,,0.47260274,,0
Oil,0,0.696347032,,0.049762371,,0
Oil,1,,2.191780822,,,0
Oil,2,,0.375004932,,,0
Oil,0,,,0.014127809,,0
Oil,4,,2.321917808,,,0
Oil,0,,,0.083453196,,0
Oil,0,,,0.130268274,,0
Oil,2,,0.089871644,0.00312025,,0
Gas,3,,1.865150685,,,0
Gas,3,,0.371123196,,,0
Gas,2,,0.594993836,,,0
Gas,7,,0.133228964,,,0
Gas,2,,1.591780741,,,0
Gas,34,,1.713343328,0.13013826,,0
Gas,0,0.050641673,,0.123751317,,0
Gas,66,,0.050643421,,,0
Gas,0,,,0,,0
Gas,4,,0.113720685,,,0
Gas,16,,0.412779212,,,0
Gas,0,0.04407347,,0.20440274,,0
Gas,15,0,3.086129808,0.026815479,,0
Gas,11,,0.222764633,0.133614331,,0
Gas,45,,0.026788432,,,0
Gas,3,,0.275159817,,,0
Gas,1,,2.54246568,,,0
Gas,0,,,0.003276986,,0
Gas,0,,,0.031232877,,0
Oil,0,,,2.759295499,,0
Oil,2,,11.65753425,,,0
Oil,4,,9.260273973,,,0
Oil,3,,1.369863014,,,0
Oil,9,,11.73211568,,,0
Oil,6,,1.296803653,,,0
Oil,12,,8.228310502,,,0
Oil,12,,1.050228311,,,0
Oil,11,,1.125778331,,,0
Oil,65,,0.12687039,,,0
Oil,2,,0.956761918,,,0
Oil,5,,1.860821918,,,0
Oil,0,,,0.050401918,,0
Oil,2,,0.054794521,,,0
Oil,3,,5.03196347,,,0
Oil,0,,,0.010717329,,0
Oil,6,,3.538812785,,,0
Oil,25,,6.555616438,,,0
Oil,20,,2.242465753,0.01826484,,0
Oil,5,,0.169863014,,,0
Oil,0,,,2.054794521,,0
Oil,0,,,0.085172016,,0
Oil,2,,0.18630137,,,0
Gas,1,,2.547945205,,,0
Gas,8,,1.29109589,,,0
Gas,2,,0.219178082,0.006027397,,0
Gas,11,,1.744358655,,,0
Gas,16,,0.582517945,,,0
Gas,0,,,0.012785388,,0
Gas,0,,,1.096624658,,0
Gas,0,0,,0.038578721,,0
Gas,2,,1.853426986,,,0
Gas,2,,0,,,0
Gas,0,,,0.005547397,,0
Gas,1,,146.0146526,,,0
Gas,0,0,,,,0
Gas,3,,4.760197443,,,0
Gas,4,,0.160302466,,,0
Gas,2,,0.36281274,,,0
Gas,7,,1.822280665,,,0
Gas,36,,2.564627093,0.039846575,,0
Gas,3,,0.324528676,,,0
Gas,0,0,,,,0
Gas,2,,0.01369863,,,0
Gas,3,,0.475039087,,,0
Gas,0,0,,,,0
Gas,0,,,0.02739726,,0
Gas,0,,,0.011620164,,0
Gas,6,,0.13504242,,,0
Gas,2,,0,,,0
Gas,3,,0.294981279,,,0
Gas,258,,0.01882688,,,0
Gas,11,0,11.15204431,0.023168592,,0
Gas,0,,,0.093150685,,0
Gas,6,,0.169432922,,,0
Gas,2,,1.676093973,,,0
Gas,0,,,0.045649833,,0
Gas,15,,0.482861059,,,0
Gas,0,,,0.012054795,,0
Gas,9,,0.560730594,,,0
Gas,0,0,,0.066868311,,0
Gas,29,,0.140671318,,,0
Gas,0,,,0.395738204,,0
Gas,10,,2.533831753,,,0
Gas,4,,24.83561644,,,0
Gas,0,0,,,,0
Gas,2,,0.338920548,,,0
Gas,4,,1.981643836,0.163287671,,0
Gas,0,,,0.00780137,,0
Gas,0,,,0.002272511,,0
Gas,2,,1.45295589,,,0
Gas,0,,,0.005573973,,0
Gas,0,,,0.037728904,,0
Gas,1,,2.584172055,0.037909315,,0
Gas,2,,0.159630137,,,0
Gas,40,,0.04109589,0,,0
Gas,1,,0.065753425,,,0
Gas,3,,68.7058295,,,0
Gas,0,,,0.047584715,,0
Gas,1,,0,,,0
Gas,0,,,0.11741683,,0
Gas,0,0,,0.01629863,,0
Gas,1,,7.813698625,,,0
Gas,20,,4.525438298,,,0
Gas,16,,0.199981695,,,0
Gas,3,,0.802557078,,,0
Gas,0,,,0.00913242,,0
Gas,16,,0.150181045,,,0
Gas,18,,0.4563514,,,0
Gas,3,,0.117270046,0.006800375,,0
Gas,19,,1.336013944,0.052520384,,0
Gas,6,,1.826484018,0.0456621,,0
Gas,0,0.003299014,,,,0
Oil,2,,0,,,0
Oil,2,,0,,,0
Oil,2,,0.684931507,,,0
Oil,3,,0.082191781,,,0
Oil,5,,6.279452055,,,0
Oil,0,0,,0.002063014,,0
Oil,0,,,,,0
Oil,274,,0.666233665,,,0
Oil,108,,0.014459665,,,0
Oil,0,,,,,0
Oil,20,,0.516879781,,,0
Oil,0,,,0.313111546,,0
Gas,1,,0.510684932,,,0
Gas,1,,1.613972603,,,0
Gas,2,,3.022465753,,,0
Gas,1,,0.24,,,0
Gas,1,,0.510684932,,,0
Gas,1,,1.01890411,,,0
Gas,1,,1.28,,,0
Gas,1,,0.675342466,,,0
Gas,2,,5.479452055,,,0
Gas,9,,0.802901065,,,0
Gas,6,,0.616091324,,,0
Gas,18,,0.412857976,,,0
Gas,0,,,,,0
Gas,2,,124.6079308,,,0
Gas,32,,6.040239726,,,0
Gas,11,,1.09186274,0.013491397,,0
Gas,4,,1.434300479,,,0
Gas,1,,2.158099178,,,0
Gas,2,,26.30136986,,,0
Gas,2,,8.465753425,,,0
Gas,8,,0.03538911,,,0
Gas,3,,1.005744292,,,0
Gas,8,,2.294520548,,,0
Gas,3,,1.747817352,,,0
Gas,6,,0.61914242,,,0
Gas,0,,,1.044520548,,0
Gas,7,,0.125244618,,,0
Gas,0,,,0.039239726,,0
Gas,0,,,0.430528376,,0
Gas,0,,,0.20890411,,0
Gas,4,,0.047945205,,,0
Gas,6,0,0.0456621,,,0
Gas,2,,6.799214384,0.225851233,,0
Gas,11,,1.737795766,,,0
Gas,27,,21.10603754,0.118306351,,0
Gas,4,,0.639041096,,,0
Gas,4,,0.767123288,,,0
Gas,4,,0.020547945,,,0
Gas,0,,,0.136986301,,0
Gas,0,,,0.317808219,,0
Gas,1,,13.09589041,,,0
Gas,0,,,0.022836269,,0
Gas,10,,5.575342466,,,0
Gas,0,,,0,,0
Gas,0,,,0.226027397,,0
Gas,2,,2.406575342,,,0
Gas,2,,7.580822135,,,0
Gas,2,,2.273448767,,,0
Gas,9,,0.224088128,,,0
Gas,0,,,0.084657534,,0
Gas,0,,,0.003271507,,0
Gas,1,,237.0778745,,,0
Gas,9,,0.165883105,,,0
Gas,69,,0.00592216,,,0
Gas,17,0,5.757573344,0.000842192,,0
Gas,3,,7.504109611,,,0
Gas,55,,0.490229709,,,0
Gas,42,,1.148075669,0.02475656,,0
Gas,3,,0.592443014,,,0
Gas,0,,,0.008957484,,0
Gas,3,,0.692237443,0.066890409,,0
Gas,0,,,0.032800137,,0
Gas,2,,1.099178082,,,0
Gas,27,,0.308641573,,,0
Gas,0,,,0.139726027,,0
Gas,36,,0.139650129,0.027317557,,0
Gas,1,,3.561643836,,,0
Gas,1,,0.544021918,0.004556918,,0
Gas,0,,,0,,0
Gas,2,,0.605400274,,,0
Gas,23,,3.224340631,,,0
Gas,1326,,0.000762944,,,0
Gas,1,,17.17808219,0.607721046,,0
Gas,5,,0.649205479,,,0
Gas,4,,0.006849315,,,0
Gas,4,,0.794976301,,,0
Gas,3,,0.073059361,,,0
Gas,0,,,0,,0
Gas,2,,2.397260274,,,0
Gas,2,,0.02739726,,,0
Gas,4,,1.356986301,,,0
Gas,10,,2.238356164,0.023972603,,0
Gas,0,,,0,,0
Gas,0,,,0.123835616,,0
Gas,2,,0,,,0
Gas,6,,1.446710776,,,0
Gas,0,,,0.011506849,,0
Gas,3,,3.4819379,,,0
Gas,21,,2.291621957,,,0
Gas,0,,,0.072054795,,0
Gas,3,,1.551458265,,,0
Gas,0,,,0.077159817,,0
Gas,21,,2.909328115,0.273972603,,0
Gas,16,,1.154109589,,,0
Oil,78,,0.18510713,,,0
Gas,0,0,,0.013369863,,0
Gas,2,,0.684931507,,,0
Gas,5,,0.657534247,,,0
Gas,8,,0.070747534,,,0
Gas,2,,3.510616438,,,0
Gas,3,0,2.322812785,0.046869863,,0
Gas,0,0,,0.136541096,,0
Gas,8,,0.879789623,,,0
Gas,0,,,,,0
Gas,0,,,0.026681018,,0
Gas,0,,,,,0
Gas,0,,,0.084574151,,0
Gas,11,0.018894662,0.149439601,0.004089143,,0
Gas,0,0.23630137,,0.798434442,,0
Gas,0,,,,,0
Gas,79,,0.001141574,,,0
Gas,4,,7.899965822,,,0
Gas,2,0,0.821917808,0,,0
Gas,10,,0.683937151,,,0
Gas,0,0,,,,0
Oil,0,,,0.210045662,,0
Oil,162,,0.103838999,,,0
Oil,5,,0.02739726,,,0
Oil,880,,0.100996264,,,0
Oil,0,,,0,,0
Oil,5,,1.142586466,,,0
Oil,74,0.067819041,0.863285302,0.007754658,,0
Oil,10,,8.109589041,0,,0
Oil,10,,0.17260274,,,0
Oil,9,,8.097412481,0.136986301,,0
Oil,1,,2.739726027,,,0
Oil,4,,3.21632089,,,0
Oil,1,,0.136986301,,,0
Oil,1,,0.705433425,,,0
Oil,0,,,0,,0
Oil,0,,,0.169861796,,0
Oil,2,,0.893150685,,,0
Oil,22,,10.77833126,0.214611872,,0
Oil,354,,0.088925006,,,0
Oil,1,,0.02739726,,,0
Oil,0,,,0.019585845,,0
Oil,8,,0.167667158,0.02136621,,0
Oil,0,,,0.273972603,,0
Oil,2,,0.657534247,,,0
Oil,3,,0.01826484,,,0
Oil,4,,0.589488836,,,0
Gas,3,,0.365296804,,,0
Gas,0,,,,,0
Oil,328,,2.731934263,0.140345075,,0
Oil,0,,,0.016278481,,0
Oil,4,,1.700089041,0.00960274,,0
Oil,154,,0.0001481,0.000153368,,0
Oil,62,,0.579265479,0.042407441,,0
Oil,111,,2.499061829,0.06169863,,0
Oil,0,,,0.010744182,,0
Oil,45,,0.122996798,0.003876168,,0
Oil,31,,0.989986743,0.005222603,,0
Oil,6,,0.000181689,0.000152945,,0
Oil,3,,3.287671233,0.02739726,,0
Oil,187,,0.336033312,0.021908704,,0
Oil,8,,2.205701815,0.019041096,,0
Gas,4,,0.006849315,,,0
Oil,8,,0.312291096,,,0
Oil,15,,0.190940639,,,0
Oil,7,,0.474610568,,,0
Oil,8,,0.392328767,,,0
Oil,3,,2.052110502,,,0
Oil,3,,5.064432329,,,0
Oil,75,,0.674242557,0.027754804,,0
Oil,0,,,0.136986301,,0
Oil,41,,3.041630905,0.040621482,,0
Oil,133,,2.784590747,0.061966224,,0
Oil,3,0.029038988,25.35215525,0.02728761,,0
Oil,3,,8.949771689,0.039138943,,0
Oil,88,,3.702138615,,,0
Oil,153,,1.90893855,,,0
Oil,352,,0.309080713,0.01686713,,0
Oil,5,,5.369863014,0.057077626,,0
Oil,325,,1.116652621,0.700272611,,0
Oil,458,,1.935155829,,,0
Oil,2,,6.938366438,,,0
Oil,2,,0.065013699,,,0
Oil,0,,,0.012465753,,0
Oil,2,,0.547945205,,,0
Gas,2,,3.932705753,,,0
Gas,0,,,0.356934892,,0
Gas,6,,4.383484795,,,0
Gas,3,,0.048051781,,,0
Gas,4,,8.570412808,,,0
Gas,1,,0.493150685,,,0
Gas,3,,1.485748676,,,0
Gas,0,,,0.041945205,,0
Gas,0,,,0.546608798,,0
Gas,308,,0.173137342,0.335851272,,0
Gas,1,,20.2739726,0.101471334,,0
Gas,5,,0.328767123,0,,0
Oil,0,,,0.006057839,,0
Oil,2,,0.476650137,,,0
Oil,0,,,0,,0
Oil,0,,,0.006298326,,0
Oil,34,,1.555197421,0.019470134,,0
Oil,0,0,,0,,0
Gas,2,,0.094109589,,,0
Gas,40,,2.999217075,0.001263692,,0
Gas,0,,,0.032176125,,0
Gas,0,,,0,,0
Gas,0,,,0.035753425,,0
Gas,0,,,0.088493151,,0
Gas,3,,0.139826484,,,0
Gas,1,,0.423972603,,,0
Gas,4,,0.645869863,,,0
Gas,0,0,,0.040891433,,0
Gas,0,0,,0.0478,,0
Gas,1,,0.010082192,0.289452055,,0
Gas,1,,9.785780822,,,0
Gas,57,,0.377351598,,,0
Gas,0,,,7.76016E-05,,0
Gas,0,,,0.015252103,,0
Gas,1,,0.019789589,0.082606233,,0
Gas,13,,0.757724636,0.023440145,,0
Gas,0,,,0,,0
Gas,0,,,0,,0
Gas,1,,120.1223836,,,0
Gas,0,,,0.132890411,,0
Gas,11,,0.290259029,0.080767123,,0
Gas,25,,0.17955223,0.015808082,,0
Gas,0,,,0.006316122,,0
Gas,89,,0.393303562,0.007212315,,0
Gas,4,,0.463780822,,,0
Gas,22,,4.206084907,0.000318569,,0
Gas,0,,,0.00017347,,0
Gas,0,,,0.003636986,,0
Gas,13,,3.317431359,0.073005262,,0
Gas,27,,0.427274338,0.001716208,,0
Gas,1,,0.002794521,0.075406393,,0
Gas,3,,0.560940639,,,0
Gas,1,,0.054546301,,,0
Gas,1,,8.993741644,5.68156E-05,,0
Gas,228,,5.72436439,0.001634594,,0
Gas,3,,0.165452055,,,0
Gas,2,,0.901,,,0
Gas,25,,0.630794521,0.04597975,,0
Gas,0,,,0,,0
Gas,0,,,0.11741683,,0
Gas,16,,2.723145548,0.121384069,,0
Gas,3,,0.515899543,,,0
Gas,27,,1.958853374,,,0
Gas,4,,0.06369863,,,0
Gas,0,,,0.017912329,,0
Gas,0,,,0.02739726,,0
Gas,21,0,1.409001957,0.073648549,,0
Gas,39,0,1.389076923,0.230556697,,0
Gas,0,0,,,,0
Gas,0,,,1.280432588,,0
Gas,0,,,11.97150685,,0
Gas,12,,2.646118721,,,0
Gas,12,,39.71320685,,,0
Gas,10,,0.323013699,0.01260274,,0
Gas,3,,0.182648402,,,0
Gas,108,0.00109589,0.65854896,0.05988692,,0
Gas,2,,1.506849315,,,0
Gas,2,,0.842068493,0.148808219,,0
Gas,0,,,2.006294521,,0
Gas,42,,11.04469667,1.261722114,,0
Gas,27,2.318229715,2.070015221,,,0
Gas,0,,,0.228310502,,0
Gas,8,,17.74958562,0.128178082,,0
Gas,0,,,1.466995434,,0
Gas,0,,,0.391050228,,0
Gas,9,,2.627092846,0.012671233,,0
Gas,15,,0.407305936,,,0
Oil,0,,,0.060739052,,0
Oil,0,,,0.041826484,,0
Oil,0,,,0.02739726,,0
Oil,6,,0.283818767,,,0
Oil,0,,,0,,0
Gas,0,,,0.501452055,,0
Gas,71,0,0.080841212,,,0
Gas,0,,,0.200714436,,0
Gas,3,,0.035094977,,,0
Gas,4,,0.691780822,,,0
Gas,3,,1.194785662,,,0
Gas,16,,1.780821918,0.076177748,,0
Gas,25,,0.042739726,,,0
Gas,0,,,,,0
Gas,1,,3.192155068,,,0
Gas,52,3.258561644,2.109905163,,,0
Gas,3,,5.107853881,0.82599726,,0
Gas,0,,,,,0
Gas,2,,0.50562,,,0
Gas,0,,,0.178082192,,0
Gas,48,,72.1130137,,,0
Gas,0,,,,,0
Oil,3,,29.90068493,0.165888551,,0
Oil,0,,,0.00062772,,0
Oil,42,,1.033007175,0.059852476,,0
Oil,0,,,1.058037706,,0
Oil,0,,,0.018558356,,0
Oil,14,,0.33072407,0.093933464,,0
Oil,14,0,0.103218924,,,0
Oil,2,,0.95890411,,,0
Oil,63,,0.323702444,,,0
Oil,0,,,0,,0
Oil,0,,,0.025055283,,0
Oil,14,,0.138551859,,,0
Oil,2,,0.219178082,0.01826484,,0
Oil,0,,,0,,0
Oil,125,,2.005809094,,,0
Oil,25,,0.567189041,0.020047945,,0
Oil,0,0.072572298,,,,0
Oil,8,,0.205479452,0.003161222,,0
Oil,2,,0,,,0
Oil,0,,,0.010269406,,0
Oil,55,,0.16139477,0.036986301,,0
Oil,0,,,0.003548813,,0
Oil,2,,0.219178082,0.01674277,,0
Oil,0,,,0.003830706,,0
Oil,0,,,0.852450664,,0
Oil,14,,0.804716243,0.041322216,,0
Oil,0,,,0.004089143,,0
Oil,0,,,0,,0
Oil,0,,,0.028161781,,0
Oil,0,,,0.101211145,,0
Oil,0,,,0.000213082,,0
Oil,9,,0.054794521,0.003652968,,0
Oil,87,,0.266729649,0.003124249,,0
Oil,0,,,0.013643836,,0
Oil,0,,,0.003695909,,0
Oil,0,,,0.207367534,,0
Oil,0,,,0.20281583,,0
Oil,0,,,0.014936781,,0
Oil,27,,0.097412481,0.020911918,,0
Oil,0,,,0.003252763,,0
Oil,48,,2.910958904,0.058708415,,0
Oil,0,,,0.008178082,,0
Oil,0,,,0.024370841,,0
Oil,0,,,0.039247499,,0
Oil,0,0.034790172,,0.053513058,,0
Oil,0,,,0,,0
Oil,0,,,0.052233881,,0
Oil,0,,,0.180739726,,0
Oil,32,0,0.616438356,0.021676953,,0
Oil,0,,,0.016554926,,0
Oil,0,,,0.005668399,,0
Oil,10,,15.54238082,0.08044265,,0
Oil,0,,,0.004199871,,0
Oil,0,,,0.02884975,,0
Oil,2,,55.6539726,0.753303933,,0
Oil,2,,0.021917808,0.005977584,,0
Oil,0,,,0.024862445,,0
Oil,6,,0.146118721,0.024872851,,0
Oil,15,,0,0.045100412,,0
Oil,0,,,0.726937595,,0
Oil,0,,,0.229814841,,0
Oil,0,,,0,,0
Oil,46,,0.003573556,0.000234165,,0
Oil,0,,,0.192761644,,0
Oil,0,,,0.065238635,,0
Oil,0,,,0.068588643,,0
Oil,0,,,0.004297609,,0
Oil,20,,0.10630137,0.004842306,,0
Oil,2,,0.273972603,0.00456621,,0
Oil,0,,,,,0
Gas,2,,0.95890411,,,0
Gas,3,,0,,,0
Gas,0,,,0.154598826,,0
Gas,18,,18.55660274,,,0
Oil,2,,0.109589041,0.000637146,,0
Oil,0,,,0,,0
Oil,85,,0.04995971,,,0
Oil,0,0.027903056,,0.136605653,,0
Oil,0,,,0.038866271,,0
Oil,39,,0.296452406,0.001712329,,0
Oil,0,,,0.008101781,,0
Oil,93,0.011594178,48.63553042,0.08701735,,0
Oil,0,,,0.003680235,,0
Oil,0,,,0.050769339,,0
Oil,0,,,0.824810449,,0
Oil,14,,0.466536204,,,0
Oil,0,,,0.669049037,,0
Oil,0,,,0.447079142,,0
Oil,0,,,0.047787012,,0
Oil,20,0.001027397,0.076712329,0.046796288,,0
Oil,50,0,0.273276225,0.063802935,,0
Oil,0,,,1.167010274,,0
Oil,20,,2.178082192,0.079307859,,0
Oil,2,0,8.860589041,0.02476908,,0
Oil,0,1.689726027,,0.78615343,,0
Oil,0,,,0.169303535,,0
Oil,88,0.003770265,1.04607721,0.008451597,,0
Oil,12,0.053801866,4.014862169,0.37434537,,0
Oil,16,,0.025684932,0.001132648,,0
Oil,2,,0.223766438,0.089029212,,0
Oil,9,,1.572450654,0.021901233,,0
Oil,0,,,0.284273147,,0
Oil,0,,,0.159713574,,0
Oil,0,,,0.011986301,,0
Oil,0,,,0.002143836,,0
Oil,0,,,0.287305936,,0
Oil,0,,,0.194699041,,0
Oil,0,,,0.171984018,,0
Oil,0,0.033830724,,0.111427886,,0
Oil,0,,,0.012404389,,0
Oil,12,,0.148401826,0.001647304,,0
Oil,13,0.039426693,15.61613488,0.140129565,,0
Oil,0,,,0.000402617,,0
Oil,0,,,0.795192308,,0
Oil,0,,,0.005433788,,0
Oil,0,0.008732877,,0.136986301,,0
Oil,4,0,0.274272123,0.037768831,,0
Oil,0,,,0.085726027,,0
Oil,28,,3.66927593,0.044600191,,0
Oil,28,,50.19569472,1.620784128,,0
Oil,50,0,3.408219178,0.009175599,,0
Oil,0,,,0,,0
Oil,0,,,0.054836701,,0
Oil,0,,,0.022505932,,0
Oil,0,,,0.339986732,,0
Oil,1,,0.547945205,0.016116035,,0
Oil,0,,,0.094201514,,0
Oil,0,,,0.022198037,,0
Oil,0,,,0.066884744,,0
Oil,0,,,0.000330289,,0
Oil,0,,,0.004071537,,0
Oil,0,,,0.458421479,,0
Oil,0,,,0.017396355,,0
Oil,42,,0.110241357,0.044380357,,0
Oil,0,,,0,,0
Oil,0,,,0.012150685,,0
Oil,0,,,0.881949327,,0
Oil,1,,16.16438356,0.008837826,,0
Oil,207,,0.099480461,0.013529511,,0
Oil,5,,0.005479452,0.000127429,,0
Oil,0,,,0.003652968,,0
Oil,0,,,0.082587624,,0
Oil,0,,,0.061989856,,0
Oil,0,,,0.069746274,,0
Oil,0,,,0.03281409,,0
Oil,12,,0.201826484,,,0
Oil,0,,,0.202435833,,0
Oil,0,,,0.020184075,,0
Oil,0,,,0.03652968,,0
Oil,4,,0.950678082,0.007878669,,0
Oil,0,,,1.20760618,,0
Oil,4,,0.410958904,0,,0
Oil,66,0.099315068,0,0,,0
Oil,0,,,0,,0
Oil,0,,,0.006392603,,0
Oil,0,,,0.006524247,,0
Oil,0,,,0.085534247,,0
Oil,0,,,0.003081033,,0
Oil,0,,,0.0456621,,0
Oil,0,,,0.00913242,,0
Oil,10,,0.795339726,,,0
Oil,0,,,0.36969863,,0
Oil,0,,,0.060456621,,0
Oil,0,0.049041096,,,,0
Oil,0,,,0.081023387,,0
Oil,0,,,0.015808219,,0
Oil,7,,1.521722114,0.223236936,,0
Oil,0,,,0.198996115,,0
Oil,0,,,0.01217656,,0
Oil,4,,0,0.011263288,,0
Oil,0,,,0,,0
Oil,0,,,0.014575342,,0
Oil,0,,,0.00853137,,0
Oil,2,,0.758054795,,,0
Oil,0,,,0.000611963,,0
Oil,0,0.008608557,,0.033167646,,0
Oil,24,,0.2956621,0.003424658,,0
Oil,4,0.050354247,50.43802055,0.100182547,,0
Oil,0,,,0.003458208,,0
Oil,2,,0.219178082,0.021917808,,0
Oil,0,,,0.173867229,,0
Oil,0,,,0.080112493,,0
Oil,21,0.001791359,0.114807567,0.019339243,,0
Oil,12,0,0.874938196,0.078228625,,0
Oil,0,,,0.0207555,,0
Oil,0,,,0.018972603,,0
Oil,0,,,1.059121192,,0
Oil,0,,,0.05503744,,0
Oil,0,,,0.078366736,,0
Oil,4,,1.917808219,0.004058853,,0
Oil,0,,,0.014995005,,0
Oil,3,,0.01826484,0.000291904,,0
Oil,4,0,3.072284452,0.387051648,,0
Oil,0,,,0.113260274,,0
Gas,0,,,,,0
Gas,0,,,0.186799502,,0
Gas,3,,22.55542941,,,0
Gas,0,0,,0,,0
Gas,26,,0.002723056,,,0
Gas,1,,0.049696164,,,0
Gas,0,,,,,0
Gas,0,,,0.049342466,,0
Gas,0,0,,0.100347032,,0
Gas,0,0,,,,0
Gas,0,0,,0.247123288,,0
Gas,3,,0.638757443,,,0
Gas,0,0,,0.203589041,,0
Gas,0,0,,,,0
Gas,7,,0.528375734,,,0
Gas,2,,2.534246575,0.062661061,,0
Gas,3,0.151663405,0.821917808,0.011182555,,0
Gas,0,0,,,,0
Gas,37,0,9.223846723,0.006,,0
Gas,2,,0.343506849,,,0
Gas,4,,1.33405863,,,0
Gas,0,0.106544901,,0.009447331,,0
Gas,7,0,0.861056751,0,,0
Gas,30,,0.02739726,,,0
Gas,0,0,,0.068493151,,0
Gas,0,0,,,,0
Gas,0,0,,,,0
Gas,22,,0.166244321,,,0
Gas,6,,0.657260274,,,0
Gas,0,,,0.245616438,,0
Oil,2,,3.483857808,,,0
Oil,20,,3.420825726,,,0
Oil,2,,13.52832945,,,0
Oil,0,,,0.194760116,,0
Oil,58,0,1.451342938,0.336027397,,0
Oil,2,,3.503979041,,,0
Oil,18,0,0.877222222,,,0
Oil,2,,14.89658644,,,0
Oil,6,,5.491584064,,,0
Oil,2,,3.335260274,,,0
Oil,0,,,0,,0
Oil,66,,12.84548442,,,0
Oil,1,,1.949616438,,,0
Oil,40,0,0.9262,0.276363636,,0
Oil,0,,,0.171329532,,0
Oil,2,,2.69372,,,0
Oil,24,,5.348409304,,,0
Gas,8,,0.921232877,,,0
Gas,28,0,1.425805284,,,0
Gas,0,,,0.757160648,,0
Gas,310,,0.005125939,0.022385566,,0
Gas,45,,0.108625693,0.055244099,,0
Gas,792,,0.006537983,0.005268704,,0
Gas,5,0,0.022392986,0.016986336,,0
Gas,0,,,0,,0
Gas,4,0,1.02739726,0.088,,0
Gas,0,,,0.044926196,,0
Oil,0,,,0.023483366,,0
Oil,34,,0.656855246,,,0
Oil,21,,1.048704384,,,0
Oil,3,,1.738850685,,,0
Oil,30,,0.648786192,,,0
Oil,12,,0.958100685,,,0
Oil,30,,0.839607306,,,0
Oil,1,0.028859132,73.01629315,,,0
Oil,369,,3.623303805,,,0
Oil,31,0,0.041537782,0,,0
Oil,0,0,,0.01180274,,0
Oil,0,0,,,,0
Oil,0,,,0.372541507,,0
Oil,49,,1.71883674,,,0
Oil,1377,,4.615609043,,,0
Oil,9,0.695865504,0.640487062,,,0
Oil,23,0.490085616,6.060750447,0.171465847,,0
Oil,13,9.58904E-07,9.8588E-05,0.00152207,,0
Oil,26,,0,4.11644E-05,,0
Oil,8,,0.739726027,0.50219036,,0
Oil,17,0.272694528,5.769668219,0.000334423,,0
Oil,10,0.086830098,1.572757808,0.003148584,,0
Oil,16,,0.562910805,4.27586E-05,,0
Oil,0,0,,0.00747198,,0
Oil,0,1.082484932,,,,0
Oil,7,,0.226448571,,,0
Oil,78,,0.701354447,,,0
Oil,2,,1.17260274,,,0
Oil,4,,0.167160274,,,0
Oil,323,,0.027227618,,,0
Oil,5,0.235578082,0.071386192,3.71385E-06,,0
Oil,5,,0.028166137,,,0
Oil,0,,,0.093273973,,0
Oil,0,,,0.038684932,,0
Oil,7,,79.97246356,0.014069821,,0
Oil,5,0,0.054794521,,,0
Oil,6,,1.955821233,0.047947671,,0
Oil,0,0.047890685,,6.27397E-05,,0
Oil,47,,3.238744751,,,0
Oil,9,,0.734963135,,,0
Oil,0,,,0.013046314,,0
Oil,6,,0.904213151,0.004755708,,0
Oil,1,,1.350932329,,,0
Oil,1,,2.423073973,,,0
Oil,44,0.547012955,11.86311923,,,0
Oil,66,,2.161779369,,,0
Oil,3,,0.00913242,,,0
Oil,2,0,0.731068493,0.14725723,,0
Oil,0,0,,0.067184932,,0
Oil,2,,0.116733425,,,0
Oil,1392,,0.445862584,,,0
Oil,28,1.317166393,0.210282818,6.83918,,0
Oil,84,,3.456216569,0.026865919,,0
Oil,12,,43.84929957,11.12134057,,0
Oil,0,,,0.000654834,,0
Oil,2,0.021415525,0.142465753,,,0
Oil,3,,0.182648402,,,0
Oil,3,1.319959157,0,,,0
Oil,0,,,0,,0
Oil,27,0,2.647348534,0.01576774,,0
Oil,4,,0.216160685,0.000223151,,0
Oil,4,,1.136986301,,,0
Oil,0,,,0.316688761,,0
Oil,6,0.081243379,4.937210274,0.024184521,,0
Oil,183,,0.019762981,,,0
Oil,11,0.057607997,1.636325704,0.000143796,,0
Oil,329,,0.048882042,,,0
Oil,18,0,1.308980213,0.006414074,,0
Oil,0,0.289193303,,,,0
Oil,13,0.486217397,0.319879874,,,0
Oil,166,,0.259778841,0.024501615,,0
Oil,9,0,25.29680365,0.078277886,,0
Oil,120,0.507759515,2.9239315,0.187150172,,0
Oil,0,,,0.042465753,,0
Oil,93,,2.77310355,0.321537291,,0
Oil,3,0.875586207,0.256,0.012319609,,0
Oil,22,0.072990313,0.131828568,0.002402192,,0
Oil,6,0,1.324200913,0,,0
Oil,1,,7.942931507,,,0
Oil,9,,3.472265784,,,0
Oil,2,,0.144603014,,,0
Oil,0,0,,,,0
Oil,23,,4.733351078,,,0
Oil,36,,0.001149163,,,0
Oil,26,,0.389715374,,,0
Oil,39,,0.029000667,,,0
Oil,1,1.198603625,0.668578356,,,0
Oil,9,,0.140689315,,,0
Oil,2,,0.622855068,,,0
Oil,4,,0,,,0
Oil,7,,0.037499648,,,0
Oil,25,,0.159463901,,,0
Oil,0,,,0.01716895,,0
Oil,8,,0.698095,0.010651575,,0
Oil,70,,0.012524462,,,0
Oil,2,,2.917808219,,,0
Oil,1,,0.819032877,,,0
Oil,2,,0.25890411,,,0
Oil,1,,0.767123288,,,0
Oil,6,0.016960822,0.998163607,,,0
Oil,2,,0.123287671,,,0
Oil,0,,,0.017150685,,0
Oil,0,0,,,,0
Oil,7,,0.043767397,,,0
Oil,70,,2.381797969,,,0
Oil,0,0.102123288,,,,0
Oil,3,,0.025022831,,,0
Oil,10,,1.326027397,,,0
Oil,18,0,0.182648402,0,,0
Oil,19,,0.006691565,,,0
Oil,2,,0.537563014,,,0
Oil,20,0.383431096,11.69313697,0.293156473,,0
Oil,72,,2.443823935,,,0
Oil,16,0,0.065068493,0,,0
Oil,0,0,,,,0
Oil,16,,0.142591096,6.11872E-06,,0
Oil,298,,0.951469811,,,0
Oil,0,,,0.547945205,,0
Oil,3,0.062857143,0.661187215,,,0
Oil,0,1.090958904,,,,0
Oil,14,,0.067963796,,,0
Oil,765,1.501097253,0.053732653,0.013450851,,0
Oil,11,,0.000177484,0.003223207,,0
Oil,18,0.006169702,2.684534003,0.001689412,,0
Oil,0,0.123287671,,0.073059361,,0
Oil,2,,0.844686164,,,0
Oil,3,0,2.322812785,0.626417808,,0
Oil,4,0,0.939636986,0.052630137,,0
Oil,1,,1.457037808,,,0
Oil,48,,0.057077626,,,0
Oil,72,,4.642424102,,,0
Oil,42,0.148401826,1.84605349,0.208640674,,0
Oil,6,,1.095890411,,,0
Oil,27,1.21942911,6.105734236,,,0
Oil,49,,0.126610109,0,,0
Oil,0,,,0.082330306,,0
Oil,8,,11.25067103,,,0
Oil,255,,0.023529412,,,0
Oil,19,0.119493123,0.453844946,0.000265084,,0
Oil,74,0.091324201,0.666419845,0.01369863,,0
Oil,4,,1.996956164,,,0
Oil,11,,0.169253699,,,0
Oil,28,,4.353805773,,,0
Oil,0,0,,0.01369863,,0
Oil,0,,,,,0
Oil,0,,,0.103479452,,0
Oil,1,,0.090184384,,,0
Oil,62,,28.41266893,,,0
Oil,9,,1.095890411,,,0
Oil,1,,0.206147397,,,0
Oil,4,,0.830136986,,,0
Oil,12,,1.094977169,,,0
Oil,8,,0.2223975,,,0
Oil,0,,,0.04714938,,0
Oil,2,,0.970485342,,,0
Oil,3,,0.858447489,,,0
Oil,3,0.044610192,0.050582283,0.000102217,,0
Oil,39,,0.323147172,,,0
Oil,2,,2.216593151,,,0
Oil,5,0.022545479,38.45770455,0.262350548,,0
Oil,1,0,0,0,,0
Oil,8,,0.091764932,,,0
Oil,5,,0.363229918,,,0
Oil,1,0.266389829,0.98983589,0.020266119,,0
Oil,7,,0.15075045,,,0
Oil,3,,1.086757991,,,0
Oil,6,,0.141804429,,,0
Oil,2,,0.821917808,,,0
Gas,0,0.192930685,,0.000393151,,0
Gas,9,,0.487062405,,,0
Gas,5,0.00639726,0.22312526,1.26027E-05,,0
Gas,0,0,,0,,0
Gas,21,0,1.214648402,,,0
Gas,1,,0.089753425,,,0
Gas,2,,0.684931507,,,0
Oil,8,,3.636017021,,,0
Oil,41,0.028135205,2.270312616,,,0
Oil,17,0,0.020950846,0,,0
Oil,0,,,0.986821189,,0
Oil,0,,,0.065671233,,0
Oil,0,0,,,,0
Oil,119,,0.26943348,,,0
Oil,140,,0.118382294,,,0
Oil,11,0.008581096,0.24427878,,,0
Oil,100,,0.786788085,,,0
Oil,0,0,,0,,0
Oil,53,,2.660325666,,,0
Oil,15,0.045394951,0.246862776,0.004149589,,0
Oil,0,,,0,,0
Oil,0,,,0.002739726,,0
Oil,32,0.315551974,0.024666096,0.01369863,,0
Oil,103,,1.580997226,0.057794403,,0
Oil,0,,,0.011985388,,0
Oil,488,,0.021109364,,,0
Oil,0,0.400227229,,0.001128577,,0
Oil,26,0.306955205,0.114513045,5.40639E-05,,0
Oil,3,,11.0549863,,,0
Oil,7,,0.577983992,,,0
Oil,2,,0.02623589,,,0
Oil,23,,0.910378011,,,0
Oil,1,2.96109589,9.78630137,,,0
Oil,4,,0.199758356,,,0
Oil,10,,1.539081425,,,0
Oil,6,0,0.456621005,0,,0
Oil,3,,4.376984566,,,0
Oil,11,0.328584475,1.608966376,,,0
Oil,4,,1.424657534,,,0
Oil,61,0,0.570401976,0.019569472,,0
Oil,1,,0,,,0
Oil,4,0.055187093,3.172914795,,,0
Oil,2,,0,,,0
Oil,76,,0.62341562,,,0
Oil,2,,1.720547945,,,0
Oil,0,,,,,0
Oil,8,,0.276415068,,,0
Oil,23,,2.664715068,,,0
Oil,0,,,,,0
Oil,0,,,,,0
Oil,23,0.085803387,1.947450804,,,0
Oil,0,,,0,,0
Oil,0,0,,,,0
Oil,2,0,0.045287671,0.016946119,,0
Oil,4,,2.554319863,,,0
Oil,5,,0.083082411,,,0
Oil,69,,13.87035635,,,0
Oil,2,,1.232876712,,,0
Oil,0,,,,,0
Oil,2,,0.578771233,,,0
Oil,2,,0.435669041,,,0
Oil,2,,2.526120548,,,0
Oil,2,0,0.056616438,0.132545838,,0
Oil,0,0,,0.095004566,,0
Oil,3,,0.207211872,,,0
Oil,11,,0.019819975,,,0
Oil,287,,1.469619308,,,0
Oil,0,,,1.127545822,,0
Oil,0,,,0.000763436,,0
Oil,3,,8.368949772,,,0
Oil,22,0,0.747198007,0.054794521,,0
Oil,0,2.529153176,,,,0
Oil,2,,0.114260274,,,0
Oil,4,,0.184931507,,,0
Oil,90,,1.049010654,0.0249066,,0
Oil,2,,0.47160411,,,0
Oil,0,,,0.04100074,,0
Oil,0,0.126448894,,0,,0
Oil,0,0.582191781,,,,0
Oil,48,,2.507089041,0.180365297,,0
Oil,2,,0.040840137,,,0
Oil,0,,,0.277296804,,0
Oil,0,0,,,,0
Oil,24,,0.423247283,,,0
Oil,9,,0.335392785,6.30137E-06,,0
Oil,119,,1.048135483,,,0
Oil,14,,0.847749511,,,0
Oil,0,,,0.082086164,,0
Oil,4,2.279385616,3.684425685,0.050761918,,0
Oil,1,,0.00082,0,,0
Oil,0,,,5.88128E-05,,0
Oil,18,,1.538547565,,,0
Oil,12,,0.44,0.006027397,,0
Oil,0,,,0.061369863,,0
Oil,0,,,1.9726E-05,,0
Oil,1,,5.172591781,,,0
Oil,5,,0.262036329,,,0
Oil,31,,3.589350384,,,0
Oil,0,0,,0,,0
Oil,0,0,,,,0
Oil,0,0,,,,0
Oil,23,,3.670960631,,,0
Oil,49,,3.310759776,,,0
Oil,1,0,7.97260274,,,0
Oil,8,,1.97260274,,,0
Oil,0,3.1220979,,0.18928009,,0
Oil,9,,0.943683409,0,,0
Oil,40,0.865649787,2.215763733,0.04741726,,0
Oil,2,0.004824247,0.450164658,0,,0
Oil,8,0.250479452,1.634623288,0.107206671,,0
Oil,0,,,0,,0
Oil,52,,2.150304115,0.084718702,,0
Oil,14,,0,,,0
Oil,0,,,0.064551946,,0
Oil,0,0.283488198,,0.00054432,,0
Oil,2,0.25276411,0,,,0
Oil,2,3.509150685,3.167084932,,,0
Oil,42,0.047064169,1.339407032,,,0
Oil,21,0.017752497,3.605345388,0.269517199,,0
Oil,14,0,0.080234834,,,0
Oil,4,,2.564204041,,,0
Oil,13,0,0.261327713,0.689823875,,0
Oil,102,0,2.019023637,0.110090411,,0
Oil,23,0,4.148486004,,,0
Oil,0,,,0.342123288,,0
Oil,84,2.449622728,2.615386673,,,0
Oil,8,,0.188707842,,,0
Oil,2,,0.150126575,,,0
Oil,26,,2.610844215,,,0
Oil,49,0.021572646,0.436119653,0.010744024,,0
Oil,0,,,1.253424658,,0
Oil,344,15.32420091,1.714491112,,,0
Oil,13,,0.836248683,,,0
Oil,40,0,1.97260274,0,,0
Oil,13,,0.575975258,,,0
Oil,266,,5.655064356,0.414133614,,0
Oil,2,,0.174332603,,,0
Oil,1851,1.080365297,0.506738305,0.414144632,,0
Oil,36,0,0.734398782,,,0
Oil,278,,0.022371144,,,0
Oil,100,0.073059361,0.457534247,0.016116035,,0
Oil,7,1.126611416,1.13253229,,,0
Oil,1,,0.276868767,0.014545988,,0
Oil,0,,,0.008526301,,0
Oil,18,0.046450685,1.529063912,,,0
Oil,17,0,0.04995971,0,,0
Oil,2,,1.448028219,,,0
Oil,0,0,,,,0
Oil,30,,0.31623895,,,0
Oil,31,,2.860080716,,,0
Oil,6,0,0.05847516,0.001015945,,0
Oil,11,0.02260274,0.591780822,,,0
Oil,18,0.136306175,0.143253516,,,0
Oil,115,,1.101565396,0.037409267,,0
Oil,6,0.216808151,0.37981653,,,0
Oil,1,,0.287042466,,,0
Oil,20,,0.040613849,,,0
Oil,122,,0.106552071,,,0
Oil,4,0.204246575,0.945205479,,,0
Oil,0,,,0,,0
Oil,61,0.043523082,2.988434768,0.03403514,,0
Oil,27,,5.207192187,,,0
Oil,5,0,0,0,,0
Oil,443,,0.918062413,,,0
Oil,220,0.224806134,0.129631445,3.10364239,,0
Oil,2,,1252.739726,0.547945205,,0
Oil,0,,,0.017612524,,0
Oil,27,,3.289226859,0.095618371,,0
Oil,11,0.076961395,0.97611457,0.038356164,,0
Oil,27,,9.80619E-05,0,,0
Oil,4,,0.011183562,0.00065411,,0
Oil,18,,0.470319635,,,0
Oil,51,,0.171904378,,,0
Oil,32,0.037930091,0.159240856,3.72603E-05,,0
Oil,7,,1.407301761,,,0
Oil,4,,0.897260274,,,0
Oil,28,0.755277877,0.825361487,0.001176948,,0
Oil,0,,,0.024547945,,0
Oil,0,0.025342466,,,,0
Oil,1,0.11287121,2.975359452,0.018162785,,0
Oil,2,,0.206472603,,,0
Oil,2,,0.164536164,,,0
Oil,0,,,0.091324201,,0
Oil,0,,,0.03300137,,0
Oil,6,0.098559087,0.208478265,,,0
Oil,2,,0.145246027,,,0
Oil,45,,0.876298831,,,0
Oil,7,,0.032230763,,,0
Oil,3,,0,1.09589E-06,,0
Oil,362,,1.928148996,,,0
Oil,12,39.0655579,11.01399795,3.006836164,,0
Oil,1,,1448.767123,1.04109589,,0
Oil,15,,1.0856621,,,0
Oil,3,,1.580493516,0.03970113,,0
Oil,42,,3.537844266,0.090910906,,0
Oil,7,,0.087145205,,,0
Oil,1,0,0.00138411,0,,0
Oil,27,,0.007455718,2.10748E-08,,0
Oil,4,,0.904109589,,,0
Oil,2,,0,,,0
Oil,328,,0.180170398,0.863191803,,0
Oil,12,0.290660274,0.410572078,9.4236E-05,,0
Oil,18,0.129150361,12.99076556,,,0
Oil,18,,2.664777778,,,0
Oil,0,0,,0.325052055,,0
Oil,0,0,,,,0
Oil,6,,0.567261963,,,0
Oil,64,,14.96926628,,,0
Oil,55,,4.577474471,0.037856567,,0
Oil,0,,,0.917475068,,0
Oil,0,,,0.002605936,,0
Oil,7,0,2.778864971,0,,0
Oil,2,,0.154769178,,,0
Oil,52,,0.065927292,0.00913242,,0
Oil,2,,3.510684932,0.02630137,,0
Oil,0,,,0.10630137,,0
Oil,14,,0.020286497,,,0
Oil,2,,0.179452055,,,0
Oil,3,,0.087898813,,,0
Oil,2,,0.180324932,,,0
Oil,5,,0.030325808,,,0
Oil,9,0.016386052,0.233911842,,,0
Gas,33,0,0.173978414,,,0
Gas,3,,14.65497306,,,0
Gas,4,,0.068493151,0,,0
Gas,3,,0.182648402,,,0
Gas,0,,,0.078767123,,0
Gas,0,,,0.684931507,,0
Gas,24,,0.005625845,0.045322055,,0
Gas,0,,,0,,0
Gas,0,,,1.369863014,,0
Oil,1,,2.728767123,,,0
Oil,3,,0.089206849,,,0
Oil,9,,0.03957382,,,0
Oil,3,,1.947031963,,,0
Oil,0,0.031783151,,,,0
Oil,17,0.378176621,4.952142965,0.020571963,,0
Oil,17,0,0.017727639,0,,0
Oil,4,,1.025667397,,,0
Oil,29,0,0.317430326,0.297834733,,0
Oil,55,0,1.422002491,,,0
Oil,6,0,15.37614155,,,0
Oil,50,,0.019592104,,,0
Oil,81,2.140727243,2.329901323,,,0
Oil,2,,0.222865068,,,0
Oil,74,,14.9142037,,,0
Oil,38,0.019453676,0.901225667,0.01826484,,0
Oil,0,0.034246575,,,,0
Oil,43,,0.485690882,,,0
Oil,37,0.748310502,1.851758608,,,0
Oil,2,,0.736986301,,,0
Oil,57,0,0.889209325,0.042149631,,0
Oil,4,0.157694612,0.629748699,,,0
Oil,157,3.106187961,2.38922148,0.178543523,,0
Oil,16,,0.163835616,,,0
Oil,657,,1.131916766,0.338314653,,0
Oil,10,,0.334264466,,,0
Oil,19,0,0.43258832,,,0
Oil,54,,1.411555556,,,0
Oil,249,,0.048192771,0.026801659,,0
Oil,68,0.056039851,0.535858179,0.02140411,,0
Oil,16,0.144672877,0.27863363,,,0
Oil,16,0.628936986,1.789657534,,,0
Oil,0,,,0.104199416,,0
Oil,8,,0.030821918,,,0
Oil,0,0,,0.826899128,,0
Oil,0,0,,,,0
Oil,20,0.413715479,6.997710959,0.179458584,,0
Oil,57,,2.524086181,,,0
Oil,2,,0.547945205,,,0
Oil,215,4.938731765,3.299158661,,,0
Oil,3,,1.567123288,,,0
Oil,16,0.844375397,0.30523899,,,0
Oil,6,0,0.182648402,0,,0
Oil,0,,,0.454769838,,0
Oil,0,,,0,,0
Oil,22,,1.218670187,0.009563168,,0
Oil,8,0.083965175,0.162600651,0.001089992,,0
Oil,11,,0.088739402,,,0
Oil,215,,5.190368856,,,0
Oil,18,0,0.00304414,0,,0
Oil,0,0,,,,0
Oil,2,,0.172438767,,,0
Oil,10,0.034451233,0.340990767,1.182E-05,,0
Oil,2271,,3.471120792,,,0
Oil,2,,1229.178082,0.182648402,,0
Oil,4,0.087549467,1.04109589,,,0
Oil,1,,13.53424658,,,0
Oil,7,0.307910607,1.001104853,0.068565053,,0
Oil,6,2.379448219,29.45406845,0.453201918,,0
Oil,8,,0.079666096,,,0
Oil,8,1.53778E-06,0.000765308,0.000660175,,0
Oil,0,2.46190411,,0.023351027,,0
Oil,6,,0,,,0
Oil,257,,0.269601834,1.004413687,,0
Oil,3,0.858659543,0.901833059,0.000201404,,0
Oil,38,0,1.515685797,0.009208429,,0
Oil,37,0.147836849,0.159414639,0.000278891,,0
Oil,2,,0.849315068,,,0
Oil,40,,1.931506849,0.055647722,,0
Oil,62,0,1.18257711,0.227942564,,0
Oil,3,,13.53136986,0.052940068,,0
Oil,0,,,0,,0
Oil,0,0,,0.022456771,,0
Oil,42,,0.930765029,0.102725423,,0
Oil,6,,0.0456621,0.00314911,,0
Oil,0,,,0.068493151,,0
Oil,2,,0.033972603,,,0
Oil,184,0,2.938978856,0.047251142,,0
Oil,0,,,,,0
Oil,51,,1.087426806,0.03769566,,0
Oil,0,,,0,,0
Oil,6,,0.064133744,1.547679792,,0
Oil,0,,,0.019908044,,0
Oil,8,,0.509869932,0.039330228,,0
Oil,13,,0.084299262,0.002795639,,0
Oil,27,,0.113647894,0.072773973,,0
Oil,2,,3.369863014,0.025289779,,0
Oil,0,,,0.104842466,,0
Oil,7,,0,0,,0
Oil,0,,,0.020294267,,0
Oil,2,,0.28458274,,,0
Oil,0,,,0.147523709,,0
Gas,10,0,0.273972603,0.002264236,,0
Gas,4,,0.158527397,,,0
Gas,0,,,0,,0
Gas,0,,,0,,0
Gas,20,0,1.010264384,,,0
Gas,49,,1.702169651,,,0
Gas,4,,1.216321918,,,0
Gas,13,,1.132141201,,,0
Oil,8,,6.625930822,,,0
Oil,287,0.016123288,1.059867405,0.100193009,,0
Oil,634,,1.818705176,1.029798667,,0
Oil,165,,8.144458281,,,0
Oil,0,,,,,0
Oil,131,,4.113422035,,,0
Oil,2,,1.624562877,,,0
Oil,1,,4.10569863,,,0
Oil,0,,,10.06547652,,0
Oil,4,,62.85315733,,,0
Oil,3,,167.0882559,0.22445226,,0
Oil,0,,,0.047047418,,0
Oil,0,,,0,,0
Oil,1,,0.246575342,,,0
Oil,0,,,0.077917808,,0
Oil,8,,13.46916096,,,0
Oil,0,,,6.359438356,,0
Oil,12,,1.192579909,,,0
Oil,4,,7.967426712,,,0
Oil,0,,,0,,0
Oil,9,,0.32587519,,,0
Oil,5,,0.365753096,0.002565479,,0
Oil,0,,,0.053310502,,0
Oil,2,,0.95890411,,,0
Oil,8,0,6.862955479,0.438517808,,0
Oil,0,,,0.383598174,,0
Oil,61,,0.614514372,0.102146953,,0
Oil,0,,,0.218851644,,0
Oil,14,,0.420050881,0.014757161,,0
Oil,2,,0.334963973,,,0
Oil,0,,,34.86363242,,0
Oil,8,,0.875997055,,,0
Oil,8,,3.508145856,,,0
Oil,0,,,0.025556809,,0
Oil,3,,26.57534247,,,0
Oil,2,,0.930575342,0.432147945,,0
Oil,0,,,,,0
Oil,2,,3.012263973,,,0
Oil,84,,10.26708489,0.166467178,,0
Oil,0,,,4.506430137,,0
Oil,6,,222.1461187,,,0
Oil,45,,2.889474441,0.119050033,,0
Oil,0,,,1.417743699,,0
Oil,9,,0.182648402,0.004528473,,0
Oil,17,,4.033269202,,,0
Oil,157,,2.205875062,0.146936541,,0
Oil,62,,1.885922179,,,0
Oil,2,,1.297405068,,,0
Oil,27,,0.141369518,0.009215439,,0
Oil,0,,,26.93265228,,0
Oil,60,,37.20547945,,,0
Oil,0,,,,,0
Oil,3,,2.73973E-07,,,0
Oil,6,,0.336447489,,,0
Oil,0,,,,,0
Oil,16,,1.667580479,,,0
Oil,221,,1.919976955,1.767220151,,0
Oil,98,,0.643118507,,,0
Oil,30,0,0.501700457,0.64759589,,0
Oil,10,,1.180821918,0.012842466,,0
Oil,30,0,1.041203416,0.42081968,,0
Oil,0,,,0,,0
Oil,2,,0.384219178,,,0
Oil,5,,0.657534247,,,0
Oil,1,,2.284679452,,,0
Oil,3,,0.418942648,,,0
Oil,2,,0.026821918,,,0
Oil,18,,10.06336377,,,0
Oil,4,,0.800006849,,,0
Oil,2,,3.442480685,,,0
Oil,160,,0.815705509,0.195728899,,0
Oil,20,,0.516420068,,,0
Oil,28,,0.093169932,,,0
Oil,0,,,,,0
Oil,0,,,0.049863014,,0
Oil,3,,555.1689498,,,0
Oil,2,,0.465753425,,,0
Oil,4,,0.295465753,,,0
Oil,0,,,0.49368074,,0
Oil,76,,0.314410624,,,0
Oil,4,,1.952732877,,,0
Oil,5,,1.509495945,,,0
Oil,241,,3.492236495,0.085779805,,0
Oil,4,,6.258370548,,,0
Oil,4,,0.33909589,0.01928112,,0
Oil,0,,,0.270753425,,0
Oil,6,,0.867579909,0.334855403,,0
Oil,0,,,0,,0
Oil,25,,0.303972405,0.005775812,,0
Oil,4,,0.602534247,,,0
Oil,6,,3.497590091,,,0
Oil,19,,4.052201341,,,0
Oil,2,0.110178082,0.154917808,0.040448319,,0
Oil,0,,,,,0
Oil,3,,0.337261461,,,0
Oil,18,,47.26464992,,,0
Oil,10,,3.579032575,,,0
Oil,43,,0.133800573,0,,0
Oil,80,,2.83928925,0.020136781,,0
Oil,2,,3.151600822,,,0
Oil,0,,,0.006891933,,0
Oil,4,,2.001897671,,,0
Oil,1,,0,,,0
Oil,277,,0.609193926,0.012532751,,0
Oil,103,,12.703817,,,0
Oil,13,,2.014248451,,,0
Oil,2,,1.000013699,,,0
Oil,2,,0,0.593607306,,0
Oil,8,,0.777823664,,,0
Oil,3,,1.991049589,,,0
Oil,5,,0.005479452,,,0
Oil,4,,0.070376712,,,0
Gas,20,0,1.150710959,0.167547945,,0
Gas,0,,,1.003780822,,0
Gas,10,,1.602326027,,,0
Gas,12,,1.443737443,,,0
Oil,14,0,0.211350294,0.00083022,,0
Oil,7,,11.82100039,,,0
Oil,28,,3.998897397,,,0
Oil,0,,,0.02739726,,0
Oil,18,,4.550478752,,,0
Oil,2,,0.95890411,,,0
Oil,0,,,0.189273973,,0
Oil,3,,0.091324201,,,0
Oil,6,,7.163515982,,,0
Oil,4,,0,,,0
Oil,7,0,0.019569472,0,,0
Oil,6,0,0.109589041,0.002568493,,0
Oil,3,0,0.00913242,0,,0
Oil,0,,,0.309863014,,0
Oil,24,0.060854795,0.726366438,,,0
Oil,2,,0.109589041,0,,0
Oil,3,,0.182648402,,,0
Oil,20,,6.597469932,,,0
Oil,63,,0.528358339,,,0
Gas,0,,,0.217438439,,0
Gas,4,,6.244661781,,,0
Gas,7,,0.156555773,0.156555773,,0
Gas,65,0.049708767,2.210509905,0.078386606,,0
Gas,36,,2.138508371,0.460918614,,0
Gas,7,,0.385060665,0.035385771,,0
Gas,4,,1.780821918,0,,0
Gas,0,,,0,,0
Gas,0,,,0.109378293,,0
Oil,14,,4.036718885,,,0
Oil,62,,8.691334432,,,0
Oil,285,,0.741001113,1.086238216,,0
Gas,0,0,,,,0
Gas,13,0,1.427003161,,,0
Gas,0,0,,0,,0
Gas,3,,0.547945205,,,0
Gas,0,0,,0.776817703,,0
Gas,0,,,0.068493151,,0
Gas,3,,1.356220457,,,0
Gas,4,,0.252205479,,,0
Gas,0,,,0.054794521,,0
Gas,0,0,,0.044979452,,0
Oil,2,,4.114223151,,,0
Oil,33,,0.409443254,0.578343947,,0
Gas,3,,0.350128584,,,0
Gas,0,,,,,0
Gas,30,,0.011324201,,,0
Oil,31,,4.144290844,,,0
Oil,8,,0.856164384,0.060882801,,0
Oil,2,,4.011863014,1.354703196,,0
Gas,4,,0.777212329,,,0
Gas,2,,0.886366575,,,0
Gas,5,,1.424109589,,,0
Gas,0,0,,,,0
Gas,20,,0.317808219,,,0
Gas,1,,1.178082192,,,0
Gas,2,,0.186205479,,,0
Gas,0,0,,,,0
Gas,0,0,,,,0
Gas,0,0,,0.145883562,,0
Gas,24,,0.154109589,,,0
Gas,0,,,0.284931507,,0
Gas,0,0,,,,0
Gas,0,,,0.062748858,,0
Gas,0,,,,,0
Gas,0,,,0.012504281,,0
Gas,0,,,0,,0
Gas,0,,,0,,0
Gas,0,,,0,,0
Oil,0,,,0.413030621,,0
Oil,1121,,0.069898452,0.027146053,,0
Oil,0,0,,0.110147942,,0
Oil,0,,,0.005337129,,0
Oil,0,0,,0,,0
Oil,0,0.00911106,,0.017573373,,0
Oil,0,,,0.031363867,,0
Oil,0,,,0.093958163,,0
Oil,0,,,0.000162247,,0
Gas,0,,,0.273972603,,0
Gas,1,,0.109589041,,,0
Gas,0,,,0.266931507,,0
Gas,29,,0.925838451,,,0
Gas,15,,1.242009132,,,0
Oil,0,0.036310502,,,,0
Oil,0,0.003091977,,,,0
Oil,15,0.061112006,4.193716895,,,0
Gas,0,,,0.143147945,,0
Gas,2,,0.273972603,,,0
Gas,0,,,,,0
Gas,3,,0.205835616,,,0
Gas,6,,0.159232877,,,0
Gas,3,,1.541524566,,,0
Gas,0,0,,,,0
Gas,5,0.290410959,2.01369863,,,0
Gas,2,,0.101876712,,,0
Gas,6,,0.136986301,0.0304414,,0
Gas,3,,0.527296804,,,0
Gas,2,,3.214502192,,,0
Gas,2,,6.623691096,,,0
Gas,0,,,0.766779726,,0
Gas,4,,10.09468589,,,0
Gas,53,,0.087878005,0.02140411,,0
Gas,7,,3.56837816,,,0
Gas,34,,0.921837228,,,0
Gas,21,,3.966079583,0.913242009,,0
Gas,3,,0.51230137,0.01090411,,0
Gas,28,,0.244618395,0.089663761,,0
Gas,10,0.05247035,4.48621474,0.106588181,,0
Gas,14,,0.909980431,,,0
Gas,4,,0.234167123,,,0
Gas,2,,0.821917808,,,0
Gas,0,,,,,0
Gas,0,,,0,,0
Gas,4,,0.813699178,,,0
Gas,5,,0.219178082,0.273972603,,0
Gas,189,,0.169586142,,,0
Gas,3,,0.98630137,0.080234834,,0
Gas,23,0,0.003573556,0,,0
Gas,10,,1.835616438,0.031612223,,0
Gas,23,0.006849315,0.374032162,0.024890321,,0
Gas,0,0.023707763,,0.376785753,,0
Gas,15,,12.18725114,0.056103501,,0
Gas,6,0,0.03196347,,,0
Gas,7,,1.217221135,0.025570776,,0
Gas,6,,0.04109589,0,,0
Gas,27,0.005722983,0.334855403,0.030369605,,0
Gas,0,0.098607575,,1.706472856,,0
Gas,0,,,0,,0
Gas,36,,2.089855403,0.318328767,,0
Oil,6,,4.348981735,,,0
Oil,0,,,,,0
Oil,38,,0.396539293,0,,0
Oil,60,,4.233454854,,,0
Oil,420,,4.994762184,,,0
Oil,0,,,0.028928463,,0
Oil,0,,,0.182648402,,0
Oil,8,,0.488515479,0.002742648,,0
Oil,0,,,41.81910654,,0
Oil,42,,35.83170254,,,0
Oil,5,,4.654426904,0.09087126,,0
Oil,2,,1.440482192,,,0
Oil,16,,7.969022021,0.022047526,,0
Oil,3,,0.355881279,0.020345727,,0
Oil,41,,2.30706578,0.118898619,,0
Oil,4,,0.981310959,,,0
Oil,0,,,0,,0
Oil,14,,3.301467671,0.028559543,,0
Oil,122,0.194986826,3.015603497,0.072814997,,0
Oil,0,,,0.040206285,,0
Oil,0,,,0.165936073,,0
Oil,5,0,0.493150685,0.017867778,,0
Oil,0,,,19.92437169,,0
Oil,8,,685.5136986,,,0
Gas,0,,,0.005945205,,0
Gas,3,,4.382654886,0.139238965,,0
Gas,86,,0.261229691,0.039420518,,0
Gas,18,,6.245904429,0.001107075,,0
Gas,0,,,0.020609589,,0
Gas,0,,,1.46052968,,0
Gas,6,,1.095890411,0.0456621,,0
Gas,3,,2.922374429,0,,0
Gas,25,,0.80422137,0.199217221,,0
Gas,0,,,0.098356164,,0
Gas,6,,1.059360731,0.073858447,,0
Gas,53,,0.648089563,0.040911745,,0
Gas,0,,,0,,0
Gas,0,,,0.433972603,,0
Gas,44,,0.056039851,0.009032064,,0
Gas,4,,0.205479452,0,,0
Gas,7,,0.321530333,0.020870409,,0
Gas,3,,2.136986301,0.054109589,,0
Gas,13,,0.481792497,0.025996956,,0
Gas,2,,0.078780822,,,0
Gas,4,,1.780821918,,,0
Gas,141,,0.277858739,0.116090086,,0
Gas,4,,0.779109589,,,0
Gas,10,,2.657534247,0.054794521,,0
Gas,0,,,0,,0
Gas,0,,,0.083561644,,0
Gas,18,,0.508133896,0.033424658,,0
Gas,78,,0.642781876,0.233246946,,0
Gas,24,,0.342465753,0.058708415,,0
Gas,0,,,0,,0
Gas,0,,,0.578297072,,0
Gas,0,,,0.156796628,,0
Gas,34,,0.674723191,0.026515068,,0
Gas,198,,0.249066002,0.019525887,,0
Gas,8,,2.854983493,0.013332192,,0
Gas,32,0.232230753,2.062756276,0.031228253,,0
Gas,0,,,0.015799087,,0
Gas,10,0,0.273972603,0,,0
Gas,3,,0.091324201,0,,0
Gas,3,,0.983935616,,,0
Gas,2,,0.074894932,,,0
Gas,4,,2.615923014,0.078356164,,0
Gas,8,,0.068493151,0.03652968,,0
Gas,0,,,0.102739726,,0
Gas,24,,0.365296804,0.0041511,,0
Gas,5,,0.328767123,0.091324201,,0
Gas,0,,,0.031178082,,0
Gas,79,0,0.935073695,0.154838107,,0
Gas,11,,0.180475716,,,0
Gas,80,,3.210275712,,,0
Gas,2,,2.068493151,0.042465753,,0
Gas,0,,,0.021074816,,0
Gas,0,,,0,,0
Gas,0,0,,,,0
Gas,2,,7.037534247,0.128041902,,0
Gas,0,,,0,,0
Gas,1,,3.945205479,0.054794521,,0
Gas,15,,4.516894977,0.098279707,,0
Oil,0,0.01826484,,,,0
Oil,1,,0,0.182648402,,0
Oil,3,,0.143287671,,,0
Oil,460,0,0,,,0
Oil,0,0.01674277,,,,0
Oil,2,,1.232876712,1.755454084,,0
Oil,2,,1.246575342,,,0
Oil,384,0,0.051726598,,,0
Oil,0,0.01369863,,,,0
Oil,1,,2.465753425,1.415525114,,0
Oil,2,,0.917808219,,,0
Oil,160,0,0,,,0
Gas,2,,0.534246575,,,0
Gas,5,,1.676164384,,,0
Oil,0,,,0.005171233,,0
Oil,2,,1.356164384,,,0
Oil,0,0.252054795,,0.320041096,,0
Oil,3,,0.904109589,,,0
Oil,0,,,0.719803098,,0
Oil,0,0,,,,0
Oil,0,0.077048584,,0.502045006,,0
Gas,2,,0.657534247,,,0
Gas,3,,0.032876712,,,0
Oil,2,,2.465753425,,,0
Oil,1,0.06624,0,,,0
Oil,2,,0.112808219,,,0
Oil,0,7.383561644,,,,0
Oil,0,30.95636986,,,,0
Gas,0,,,0.091324201,,0
Gas,0,,,0.056444958,,0
Gas,2,,0.01369863,,,0
Gas,0,,,0.00913242,,0
Oil,0,,,0.119558177,,0
Oil,6,,0,,,0
Oil,0,,,0.168111624,,0
Oil,4,,1.107960753,,,0
Oil,0,0.084931507,,,,0
Oil,0,,,1.130824212,,0
Oil,3,0.582020548,0.813899543,,,0
Oil,0,,,0.011027397,,0
Oil,0,,,0.392123288,,0
Oil,0,,,0.155345571,,0
Oil,4,,0.831319247,0,,0
Oil,0,0.514727549,,0.249652893,,0
Oil,0,0.072229141,,,,0
Oil,0,1.214592466,,,,0
Oil,0,0.95890411,,,,0
Oil,2,,1.611662466,,,0
Oil,2,,1.727671233,,,0
Oil,0,,,0,,0
Oil,4,,0,,,0
Oil,0,,,0.044221384,,0
Oil,0,,,,,0
Oil,3,0.746712329,45.67315068,,,0
Oil,0,8.767123288,,2.164383562,,0
Oil,0,0.005753425,,,,0
Oil,0,0.367671233,,,,0
Oil,0,0.014611872,,,,0
Oil,0,1.961298392,,,,0
Oil,0,26.14977169,,,,0
Oil,50,0.010332681,2.376986301,,,0
Oil,8,0.008015042,0.001883562,,,0
Oil,0,,,0.422499178,,0
Oil,2,,671.2328767,,,0
Oil,0,,,0,,0
Oil,0,,,0.299293439,,0
Gas,0,0.100456621,,,,0
Gas,0,0.088584475,,,,0
Oil,0,,,0.165543916,,0
Gas,0,0.115981735,,,,0
Gas,2,,4.452054795,,,0
Oil,2,,161.6712329,,,0
Oil,5,,40.14794521,,,0
Oil,12,,63,,,0
Oil,6,,52.39269406,,,0
Gas,2,,5.753424658,,,0
Gas,2,,4.698630137,,,0
Gas,1,,0.649615616,0.301822548,,0
Gas,0,0.148858447,,,,0
Gas,2,,2.438356164,,,0
Gas,2,,1.31369863,,,0
Gas,2,,1.534246575,,,0
Gas,3,,31.81918457,0.87712465,,0
Gas,0,,,,0.042788219,4
Gas,0,,,,0,1
Gas,0,,,,0.08566,2
Gas,0,,,,0.34019074,5
Gas,0,,,,4.79452E-07,20
Oil,0,,,,0.000383562,1
Oil,0,,,,0.818891233,1
Oil,0,,,,0.657171735,6
Oil,0,,,,0.711232877,3
Oil,0,,,,0,2
Oil,0,,,,0.234703206,37
Oil,0,,,,0.000410959,1
Oil,0,,,,0.154826575,2
Oil,0,,,,0.285165648,13
Oil,0,,,,3.319086758,3
Oil,0,,,,0.028926712,6
Gas,0,,,,0,9
Gas,0,,,,3.389066849,5
Gas,0,,,,0.029589041,1
Gas,0,,,,0,2
Oil,0,,,,2.449520548,16
Oil,0,,,,1.860024762,21
Oil,0,,,,0.534885479,13
Oil,0,,,,4.003512329,1
Oil,0,,,,0.068120822,3
Oil,0,,,,0.205479452,2
Oil,0,,,,0.837115032,15
Oil,0,,,,0.003424658,1
Oil,0,,,,1.024301187,3
Gas,0,,,,0.02739726,1
Gas,0,,,,0.01369863,2
Gas,0,,,,0,24
Gas,0,,,,0.03490411,1
Gas,0,,,,,0
Oil,0,,,,0.063630137,2
Oil,0,,,,0.072669521,4
Oil,0,,,,0.000913242,3
Oil,0,,,,83.5105642,59
Oil,0,,,,0.004849315,1
Oil,0,,,,,0
Oil,0,,,,0,1
Oil,0,,,,0.010910959,1
Oil,0,,,,0,1
Gas,0,,,,0.001123288,1
Gas,0,,,,9.632876712,1
Gas,0,,,,0,1
Gas,0,,,,0.540639269,3
Gas,0,,,,15.28767123,7
Gas,0,,,,1.723287671,1
Oil,0,,,,,0
Oil,0,,,,0.007062466,1
Oil,0,,,,,0
Oil,0,,,,0.000254486,24
Oil,0,,,,0.217808219,1
Oil,0,,,,0.108438356,10
Oil,0,,,,0.115981735,3
Oil,0,,,,0.011580548,1
Oil,0,,,,0.05739726,6
Oil,0,,,,0.022735616,1
Oil,0,,,,0.010545129,54
Oil,0,,,,0.028835616,4
Oil,0,,,,0.000978466,10
Oil,0,,,,0.182773699,2
Oil,0,,,,0.147475616,2
Oil,0,,,,0.01349463,5
Oil,0,,,,0.049119374,7
Oil,0,,,,0.108610776,3
Oil,0,,,,5.808152591,45
Oil,0,,,,0.005407135,24
Oil,0,,,,,0
Oil,0,,,,0.001369863,1
Gas,0,,,,0.534246575,2
Oil,0,,,,0.04249066,11
Oil,0,,,,4.918583116,8
Oil,0,,,,,0
Oil,0,,,,0.046979384,4
Oil,0,,,,0.000821918,4
Oil,0,,,,0.012312454,109
Oil,0,,,,,0
Oil,0,,,,26.65836178,6
Oil,0,,,,,0
Oil,0,,,,0.001726027,6
Oil,0,,,,0.000758425,12
Oil,0,,,,0.385922082,5
Oil,0,,,,,0
Oil,0,,,,0.014332466,4
Oil,0,,,,0.000527945,24
Oil,0,,,,,0
Oil,0,,,,0.103013699,2
Oil,0,,,,0.158119178,2
Oil,0,,,,0.002299068,5
Oil,0,,,,,0
Oil,0,,,,0.002634247,1
Oil,0,,,,1.982799431,13
Oil,0,,,,,0
Oil,0,,,,0.546043781,10
Oil,0,,,,0.013058514,26
Oil,0,,,,0.185348422,23
Gas,0,,,,2.102739726,4
Oil,0,,,,0.657446849,1
Oil,0,,,,0.645552,10
Oil,0,,,,0,1
Oil,0,,,,0.508338082,1
Oil,0,,,,1.009310776,12
Gas,0,,,,0,1
Gas,0,,,,0.329114301,5
Gas,0,,,,0.005479452,5
Oil,0,,,,,0
Oil,0,,,,,0
Oil,0,,,,0.340465753,1
Oil,0,,,,,0
Oil,0,,,,,0
Oil,0,,,,1.316186865,35
Oil,0,,,,0.033538247,5
Oil,0,,,,0,1
Oil,0,,,,,0
Oil,0,,,,22.32876712,4
Oil,0,,,,,0
Oil,0,,,,0,1
Oil,0,,,,,0
Oil,0,,,,,0
Oil,0,,,,0.002237192,4
Oil,0,,,,0.068493151,84
Oil,0,,,,0.109589041,9
Oil,0,,,,0,1
Oil,0,,,,,0
Oil,0,,,,,0
Oil,0,,,,0.132136438,1
Oil,0,,,,,0
Oil,0,,,,,0
Oil,0,,,,,0
Oil,0,,,,,0
Oil,0,,,,,0
Oil,0,,,,0,3
Oil,0,,,,0.005092055,1
Oil,0,,,,,0
Oil,0,,,,0.04109589,4
Oil,0,,,,0,2
Oil,0,,,,0.027587397,2
Oil,0,,,,,0
Oil,0,,,,0,3
Oil,0,,,,0.02854411,1
Oil,0,,,,,0
Oil,0,,,,,0
Oil,0,,,,0,1
Oil,0,,,,,0
Oil,0,,,,,0
Oil,0,,,,0.953068493,1
Gas,0,,,,0.067246575,1
Oil,0,,,,0.002769589,1
Oil,0,,,,,0
Oil,0,,,,0.005479452,5
Oil,0,,,,0.005520343,134
Oil,0,,,,,0
Oil,0,,,,0,1
Oil,0,,,,,0
Oil,0,,,,0.014327593,14
Oil,0,,,,,0
Oil,0,,,,0.178734508,21
Oil,0,,,,0.369863014,2
Oil,0,,,,90.67188519,21
Oil,0,,,,0.080041096,2
Oil,0,,,,0.061650137,2
Oil,0,,,,0.593607306,3
Oil,0,,,,,0
Oil,0,,,,0.003552511,3
Oil,0,,,,110.6849315,2
Oil,0,,,,53.05936073,12
Oil,0,,,,0.066885842,34
Oil,0,,,,0.01884484,9
Oil,0,,,,,0
Oil,0,,,,,0
Oil,0,,,,,0
Oil,0,,,,,0
Oil,0,,,,,0
Oil,0,,,,17.26027397,1
Oil,0,,,,,0
Oil,0,,,,0.010595274,4
Oil,0,,,,0.000383562,1
Oil,0,,,,,0
Oil,0,,,,53.74429224,18
Oil,0,,,,0.018061644,6
Oil,0,,,,0,1
Oil,0,,,,,0
Oil,0,,,,0.006821918,1
Gas,0,,,,,0
Gas,0,,,,0.001561644,1
Gas,0,,,,0,4
Oil,0,,,,0,1
Oil,0,,,,0.009863375,25
Gas,0,,,,0.037863014,1
Gas,0,,,,0,1
Gas,0,,,,0.164383562,3
Gas,0,,,,0,1
Gas,0,,,,,0
Gas,0,,,,0,1
Gas,0,,,,,0
Gas,0,,,,1.726027397,1
Oil,0,,,,,0
Oil,0,,,,64.96575342,8
Oil,0,,,,0.022759589,4
Oil,0,,,,0.001452055,2
Oil,0,,,,0.004941233,2
Oil,0,,,,147.9452055,1
Oil,0,,,,0.183543425,6
Oil,0,,,,0.082191781,3
Oil,0,,,,0.000383562,1
Gas,0,,,,0.095890411,2
Gas,0,,,,0.000465753,1
Gas,0,,,,0,5
Gas,0,,,,0.136986301,1
Gas,0,,,,0.03652968,3
Gas,0,,,,0,2
Oil,0,,,,0,1
Oil,0,,,,0.002470685,1
Oil,0,,,,0.834811125,33
Oil,0,,,,0.038533244,82
Oil,0,,,,,0
Oil,0,,,,,0
Gas,0,,,,,0
Gas,0,,,,,0
Gas,0,,,,0.052673425,1
Oil,0,,,,0.548610568,7
Oil,0,,,,,0
